OrderDate,Quantity,SalesAmount,Profit,Region,Category,CustomerID
2022-01-01,1,496.02,125.39,South,Clothing,CUST_242
2022-01-01,1,467.41,182.27,North,Food,CUST_330
2022-01-01,2,296.03,-26.4,North,Food,CUST_141
2022-01-01,8,323.64,43.33,South,Furniture,CUST_479
2022-01-01,7,274.2,11.24,North,Furniture,CUST_264
2022-01-01,7,367.33,119.29,South,Furniture,CUST_58
2022-01-01,13,381.41,94.56,South,Electronics,CUST_190
2022-01-01,11,131.22,141.8,West,Food,CUST_398
2022-01-02,3,190.59,55.7,North,Furniture,CUST_458
2022-01-02,6,169.44,39.06,North,Electronics,CUST_123
2022-01-02,2,297.31,-30.6,East,Furniture,CUST_363
2022-01-02,7,325.39,2.62,North,Electronics,CUST_145
2022-01-02,10,356.37,-44.16,West,Clothing,CUST_81
2022-01-02,9,158.02,112.64,West,Furniture,CUST_188
2022-01-03,11,363.42,73.99,South,Food,CUST_1
2022-01-03,12,420.64,112.2,East,Furniture,CUST_426
2022-01-03,5,381.43,101.83,North,Food,CUST_177
2022-01-03,13,120.68,35.07,West,Furniture,CUST_409
2022-01-03,13,486.64,12.27,East,Electronics,CUST_137
2022-01-04,3,296.69,25.85,North,Electronics,CUST_311
2022-01-04,12,322.36,157.48,North,Clothing,CUST_489
2022-01-04,3,80.04,197.52,South,Electronics,CUST_222
2022-01-05,14,225.16,168.28,East,Clothing,CUST_411
2022-01-05,1,211.71,96.5,West,Furniture,CUST_10
2022-01-05,11,453.38,-18.41,West,Furniture,CUST_307
2022-01-05,11,468.05,50.43,South,Food,CUST_272
2022-01-05,3,464.19,-19.54,West,Electronics,CUST_424
2022-01-06,6,263.67,176.67,West,Clothing,CUST_219
2022-01-06,13,292.61,152.25,North,Furniture,CUST_66
2022-01-06,5,416.61,111.95,North,Furniture,CUST_140
2022-01-06,7,130.29,157.61,East,Electronics,CUST_329
2022-01-07,3,203.22,11.09,East,Furniture,CUST_491
2022-01-07,11,119.32,181.59,South,Electronics,CUST_388
2022-01-07,9,431.52,89.5,West,Clothing,CUST_45
2022-01-07,7,482.69,101.0,North,Food,CUST_224
2022-01-07,12,390.68,34.35,East,Food,CUST_454
2022-01-08,7,326.4,12.17,East,Furniture,CUST_155
2022-01-08,2,282.59,-42.85,South,Food,CUST_46
2022-01-08,10,119.86,59.44,East,Clothing,CUST_459
2022-01-08,8,336.22,114.93,South,Food,CUST_239
2022-01-08,4,34.3,94.97,North,Clothing,CUST_434
2022-01-09,10,285.98,49.19,West,Clothing,CUST_194
2022-01-09,2,452.7,140.99,South,Furniture,CUST_133
2022-01-09,6,218.08,44.41,North,Furniture,CUST_380
2022-01-10,11,394.38,131.02,East,Electronics,CUST_27
2022-01-10,8,465.49,-39.75,South,Electronics,CUST_144
2022-01-10,13,485.87,196.93,West,Electronics,CUST_94
2022-01-10,5,361.34,111.28,North,Electronics,CUST_251
2022-01-10,7,128.28,42.2,West,Furniture,CUST_483
2022-01-11,3,337.66,5.6,West,Electronics,CUST_154
2022-01-11,8,289.53,1.74,West,Food,CUST_261
2022-01-11,13,402.04,-44.86,North,Furniture,CUST_329
2022-01-11,14,274.46,-34.58,East,Clothing,CUST_26
2022-01-11,7,355.57,40.56,South,Food,CUST_347
2022-01-11,3,32.89,131.43,South,Clothing,CUST_461
2022-01-12,14,331.29,-46.6,North,Clothing,CUST_380
2022-01-12,1,485.08,49.38,East,Furniture,CUST_89
2022-01-12,12,61.64,184.7,North,Electronics,CUST_266
2022-01-12,9,174.58,163.08,East,Clothing,CUST_324
2022-01-12,6,77.04,-9.08,West,Furniture,CUST_145
2022-01-12,7,434.18,125.78,South,Clothing,CUST_65
2022-01-12,12,179.88,76.22,West,Furniture,CUST_225
2022-01-12,4,188.0,99.05,South,Furniture,CUST_358
2022-01-12,12,425.57,-39.52,North,Electronics,CUST_349
2022-01-13,2,358.44,174.87,North,Electronics,CUST_149
2022-01-13,13,345.44,33.46,East,Food,CUST_495
2022-01-13,4,415.51,93.98,West,Clothing,CUST_80
2022-01-13,12,409.67,19.54,East,Clothing,CUST_255
2022-01-13,3,186.83,130.71,East,Furniture,CUST_365
2022-01-13,14,359.7,171.4,North,Furniture,CUST_186
2022-01-14,2,150.86,11.2,South,Food,CUST_442
2022-01-14,3,442.31,-35.25,East,Furniture,CUST_38
2022-01-14,9,108.9,29.23,West,Electronics,CUST_466
2022-01-14,10,261.04,2.57,East,Food,CUST_398
2022-01-15,1,387.79,110.39,South,Electronics,CUST_296
2022-01-15,11,119.16,11.79,South,Food,CUST_137
2022-01-15,4,175.51,138.25,East,Electronics,CUST_74
2022-01-15,2,354.34,2.07,West,Food,CUST_417
2022-01-15,12,365.21,77.64,South,Electronics,CUST_319
2022-01-16,12,82.75,99.53,North,Clothing,CUST_442
2022-01-16,13,87.95,96.56,West,Furniture,CUST_111
2022-01-16,13,92.96,151.23,North,Food,CUST_303
2022-01-17,1,317.62,99.44,East,Clothing,CUST_338
2022-01-17,13,213.77,-43.98,East,Electronics,CUST_227
2022-01-17,1,209.11,28.5,North,Electronics,CUST_239
2022-01-17,3,190.53,152.73,North,Clothing,CUST_198
2022-01-17,10,425.94,65.87,North,Food,CUST_241
2022-01-17,9,37.61,152.67,North,Clothing,CUST_444
2022-01-17,2,61.16,81.75,East,Electronics,CUST_387
2022-01-18,11,208.41,96.09,East,Furniture,CUST_415
2022-01-18,13,254.15,-22.4,West,Furniture,CUST_260
2022-01-19,14,145.42,167.89,East,Clothing,CUST_136
2022-01-19,1,312.47,56.45,South,Food,CUST_320
2022-01-19,14,258.41,44.36,South,Furniture,CUST_424
2022-01-19,1,471.35,5.18,East,Electronics,CUST_8
2022-01-19,3,131.49,91.15,East,Clothing,CUST_480
2022-01-19,14,168.58,-38.92,South,Electronics,CUST_81
2022-01-19,8,162.13,70.39,South,Clothing,CUST_73
2022-01-19,4,446.81,27.42,West,Food,CUST_178
2022-01-19,14,294.25,81.14,East,Food,CUST_181
2022-01-19,9,77.58,69.15,West,Electronics,CUST_85
2022-01-19,14,329.0,-44.46,South,Food,CUST_59
2022-01-20,1,263.47,97.76,South,Clothing,CUST_215
2022-01-20,2,402.82,61.44,East,Furniture,CUST_281
2022-01-21,4,322.65,-41.86,West,Electronics,CUST_101
2022-01-21,7,226.91,165.18,North,Furniture,CUST_383
2022-01-21,14,69.56,183.93,North,Furniture,CUST_161
2022-01-21,2,26.44,105.57,East,Electronics,CUST_381
2022-01-21,3,383.88,50.09,South,Food,CUST_281
2022-01-21,2,137.04,61.81,North,Clothing,CUST_301
2022-01-21,1,311.82,187.71,North,Furniture,CUST_32
2022-01-21,6,492.93,194.13,North,Clothing,CUST_448
2022-01-21,1,141.03,163.09,East,Food,CUST_343
2022-01-22,8,349.94,135.7,South,Electronics,CUST_267
2022-01-22,10,358.06,-19.19,South,Food,CUST_172
2022-01-22,3,280.9,-40.84,West,Electronics,CUST_16
2022-01-22,3,433.13,-25.13,East,Furniture,CUST_95
2022-01-22,12,242.03,-33.51,South,Food,CUST_191
2022-01-22,4,212.41,90.65,South,Electronics,CUST_392
2022-01-22,11,459.75,44.05,East,Food,CUST_43
2022-01-22,1,405.89,189.44,South,Clothing,CUST_210
2022-01-23,1,470.6,28.25,North,Electronics,CUST_333
2022-01-23,13,225.01,103.66,West,Furniture,CUST_9
2022-01-23,5,376.0,133.17,North,Furniture,CUST_284
2022-01-23,8,466.94,77.56,West,Food,CUST_357
2022-01-23,13,66.64,43.39,East,Food,CUST_38
2022-01-24,11,225.71,151.51,North,Electronics,CUST_428
2022-01-25,2,106.21,134.28,North,Furniture,CUST_51
2022-01-25,3,164.61,26.02,North,Furniture,CUST_377
2022-01-25,8,382.44,160.83,South,Clothing,CUST_189
2022-01-25,1,286.21,2.3,West,Clothing,CUST_385
2022-01-25,9,326.92,50.07,East,Clothing,CUST_457
2022-01-25,4,424.15,25.68,South,Food,CUST_245
2022-01-25,4,66.36,122.88,East,Electronics,CUST_188
2022-01-26,13,359.82,31.59,North,Clothing,CUST_462
2022-01-26,2,434.92,-10.27,West,Electronics,CUST_70
2022-01-26,9,265.97,157.4,North,Food,CUST_393
2022-01-26,12,490.84,49.8,East,Furniture,CUST_422
2022-01-27,14,104.79,93.43,South,Furniture,CUST_229
2022-01-27,6,449.87,-24.84,West,Electronics,CUST_101
2022-01-27,14,286.4,50.61,East,Furniture,CUST_6
2022-01-27,5,161.04,88.08,North,Clothing,CUST_252
2022-01-27,13,129.21,-2.53,North,Electronics,CUST_101
2022-01-28,7,421.24,16.18,East,Food,CUST_180
2022-01-28,5,216.93,91.41,East,Electronics,CUST_472
2022-01-28,3,421.15,106.48,East,Clothing,CUST_180
2022-01-28,6,198.17,-1.24,West,Furniture,CUST_248
2022-01-28,14,345.64,75.84,East,Food,CUST_164
2022-01-29,10,265.15,123.97,West,Furniture,CUST_280
2022-01-29,12,406.89,186.9,North,Clothing,CUST_455
2022-01-29,7,290.41,45.93,East,Clothing,CUST_435
2022-01-29,13,62.47,184.12,East,Furniture,CUST_492
2022-01-29,13,48.57,87.75,South,Furniture,CUST_122
2022-01-29,13,201.01,-25.49,East,Food,CUST_24
2022-01-29,11,314.36,90.99,North,Furniture,CUST_118
2022-01-29,4,137.52,166.11,East,Electronics,CUST_392
2022-01-30,4,292.56,-30.37,South,Furniture,CUST_333
2022-01-30,1,206.23,17.83,West,Electronics,CUST_174
2022-01-30,6,297.59,-15.0,South,Furniture,CUST_20
2022-01-31,1,212.67,-32.47,West,Food,CUST_260
2022-01-31,3,433.15,195.59,West,Clothing,CUST_305
2022-01-31,1,322.62,95.44,East,Clothing,CUST_230
2022-02-01,10,118.39,153.98,North,Furniture,CUST_121
2022-02-01,10,412.56,138.85,South,Food,CUST_140
2022-02-01,11,172.71,17.34,North,Food,CUST_409
2022-02-01,4,233.65,90.22,South,Clothing,CUST_87
2022-02-01,14,100.22,78.05,East,Food,CUST_205
2022-02-02,14,435.97,73.86,East,Food,CUST_75
2022-02-02,7,298.14,175.8,West,Furniture,CUST_354
2022-02-03,13,127.64,148.12,South,Electronics,CUST_65
2022-02-03,1,442.72,80.91,West,Food,CUST_1
2022-02-03,7,169.24,-23.38,East,Furniture,CUST_266
2022-02-03,1,140.38,44.9,West,Electronics,CUST_195
2022-02-04,3,76.71,21.3,South,Electronics,CUST_181
2022-02-04,1,286.26,198.77,South,Furniture,CUST_420
2022-02-04,3,386.03,117.94,North,Food,CUST_47
2022-02-04,10,25.69,26.81,East,Clothing,CUST_120
2022-02-04,2,271.4,-18.35,West,Electronics,CUST_383
2022-02-05,8,120.0,-17.3,South,Food,CUST_255
2022-02-05,11,421.77,61.35,East,Electronics,CUST_136
2022-02-05,13,126.94,55.52,North,Clothing,CUST_373
2022-02-05,12,86.19,24.98,North,Electronics,CUST_279
2022-02-05,4,90.76,170.56,North,Furniture,CUST_189
2022-02-06,1,422.57,25.63,South,Food,CUST_254
2022-02-06,8,476.03,160.43,West,Electronics,CUST_198
2022-02-06,5,426.35,-27.57,North,Food,CUST_408
2022-02-07,4,95.22,138.07,South,Clothing,CUST_52
2022-02-07,9,65.62,63.82,North,Clothing,CUST_194
2022-02-07,13,207.21,134.23,West,Furniture,CUST_225
2022-02-08,12,260.78,97.49,East,Clothing,CUST_274
2022-02-08,8,464.51,81.7,West,Clothing,CUST_366
2022-02-08,11,128.63,188.03,East,Food,CUST_251
2022-02-08,9,46.42,175.39,East,Clothing,CUST_291
2022-02-08,12,48.47,70.44,North,Food,CUST_106
2022-02-08,12,238.82,171.02,West,Food,CUST_475
2022-02-08,3,37.78,83.44,East,Electronics,CUST_466
2022-02-09,12,120.69,162.96,West,Electronics,CUST_190
2022-02-09,11,271.91,14.87,West,Clothing,CUST_259
2022-02-09,14,328.31,-38.9,North,Furniture,CUST_210
2022-02-09,3,484.14,24.59,West,Food,CUST_3
2022-02-09,14,375.45,-18.83,South,Clothing,CUST_287
2022-02-09,8,108.93,20.41,East,Furniture,CUST_44
2022-02-10,6,143.07,167.24,North,Electronics,CUST_305
2022-02-10,11,233.9,109.95,West,Furniture,CUST_160
2022-02-10,1,174.2,154.27,East,Clothing,CUST_4
2022-02-10,1,378.2,113.61,West,Furniture,CUST_86
2022-02-10,4,240.61,143.51,East,Electronics,CUST_12
2022-02-10,10,84.01,12.37,North,Clothing,CUST_392
2022-02-10,9,387.49,185.74,South,Electronics,CUST_499
2022-02-11,13,301.23,182.68,West,Food,CUST_50
2022-02-11,3,106.16,46.39,East,Electronics,CUST_498
2022-02-11,2,81.92,143.54,West,Furniture,CUST_268
2022-02-12,14,81.34,91.65,West,Electronics,CUST_269
2022-02-12,8,376.51,123.34,West,Electronics,CUST_93
2022-02-12,9,440.06,184.68,West,Food,CUST_416
2022-02-12,9,276.13,99.99,West,Clothing,CUST_182
2022-02-12,4,224.59,171.8,West,Clothing,CUST_130
2022-02-12,1,64.36,193.41,North,Clothing,CUST_407
2022-02-12,4,333.44,98.38,West,Clothing,CUST_116
2022-02-12,2,378.56,24.09,North,Food,CUST_310
2022-02-13,7,278.34,145.36,South,Electronics,CUST_93
2022-02-13,13,397.74,129.41,North,Food,CUST_24
2022-02-14,6,282.86,93.14,East,Food,CUST_264
2022-02-14,1,67.53,40.12,West,Electronics,CUST_280
2022-02-14,7,349.7,38.3,West,Food,CUST_96
2022-02-14,1,441.04,187.99,East,Electronics,CUST_205
2022-02-15,13,181.05,110.26,West,Clothing,CUST_253
2022-02-15,8,351.72,164.96,South,Furniture,CUST_482
2022-02-16,13,105.57,47.64,South,Clothing,CUST_74
2022-02-16,6,211.31,34.62,East,Clothing,CUST_144
2022-02-16,8,386.88,7.88,East,Electronics,CUST_493
2022-02-16,1,329.13,58.74,West,Electronics,CUST_312
2022-02-16,6,300.8,-4.61,South,Clothing,CUST_320
2022-02-17,13,122.84,39.07,South,Electronics,CUST_151
2022-02-17,5,318.12,41.68,East,Furniture,CUST_187
2022-02-17,4,227.0,133.2,North,Clothing,CUST_297
2022-02-17,9,141.44,166.74,East,Clothing,CUST_284
2022-02-18,7,377.95,106.45,North,Electronics,CUST_116
2022-02-18,10,48.74,161.5,South,Furniture,CUST_25
2022-02-18,5,375.08,116.13,North,Food,CUST_456
2022-02-18,6,376.36,53.46,East,Clothing,CUST_325
2022-02-19,6,280.26,5.86,East,Furniture,CUST_177
2022-02-19,6,29.27,161.48,West,Clothing,CUST_433
2022-02-19,2,489.28,67.58,West,Electronics,CUST_153
2022-02-19,13,114.46,48.34,East,Clothing,CUST_233
2022-02-19,12,161.73,134.69,East,Food,CUST_107
2022-02-20,1,71.95,-45.6,East,Food,CUST_354
2022-02-20,7,196.07,45.77,East,Electronics,CUST_291
2022-02-20,2,146.7,8.25,South,Clothing,CUST_109
2022-02-20,13,419.69,96.76,East,Furniture,CUST_59
2022-02-21,11,20.06,-6.01,West,Clothing,CUST_476
2022-02-21,2,137.84,132.59,North,Clothing,CUST_20
2022-02-21,11,166.6,22.98,South,Clothing,CUST_359
2022-02-21,14,400.79,15.99,South,Furniture,CUST_448
2022-02-22,3,180.41,146.27,West,Electronics,CUST_317
2022-02-22,14,390.92,185.4,South,Clothing,CUST_241
2022-02-22,6,73.03,111.45,West,Electronics,CUST_113
2022-02-22,10,142.87,92.95,North,Food,CUST_330
2022-02-23,6,127.92,-7.46,South,Furniture,CUST_199
2022-02-23,1,110.31,12.78,South,Furniture,CUST_261
2022-02-23,9,34.67,116.12,North,Food,CUST_40
2022-02-23,3,471.26,14.3,North,Furniture,CUST_327
2022-02-23,1,348.77,149.89,West,Food,CUST_426
2022-02-23,10,171.58,55.5,South,Furniture,CUST_167
2022-02-23,5,397.74,120.65,North,Clothing,CUST_199
2022-02-24,10,353.73,4.77,South,Food,CUST_32
2022-02-24,13,453.05,-8.2,East,Clothing,CUST_355
2022-02-24,2,182.55,189.25,West,Electronics,CUST_431
2022-02-24,2,127.29,83.21,East,Clothing,CUST_426
2022-02-24,7,315.81,109.91,North,Electronics,CUST_226
2022-02-25,5,23.87,93.47,East,Food,CUST_137
2022-02-25,9,131.29,176.7,West,Clothing,CUST_242
2022-02-25,4,275.17,156.2,North,Food,CUST_160
2022-02-25,1,449.11,88.26,North,Clothing,CUST_13
2022-02-25,14,412.58,33.88,West,Food,CUST_92
2022-02-26,10,82.75,95.32,North,Food,CUST_180
2022-02-26,2,452.01,124.75,North,Food,CUST_365
2022-02-26,14,488.14,74.77,North,Food,CUST_475
2022-02-26,12,244.0,109.72,South,Electronics,CUST_381
2022-02-26,4,323.02,87.72,East,Furniture,CUST_422
2022-02-27,11,372.39,7.02,West,Food,CUST_430
2022-02-27,3,52.43,67.58,South,Furniture,CUST_427
2022-02-27,11,204.78,154.57,East,Clothing,CUST_250
2022-02-27,13,483.02,46.47,South,Electronics,CUST_484
2022-02-27,10,436.43,31.13,South,Food,CUST_222
2022-02-27,2,220.08,-1.56,East,Furniture,CUST_209
2022-02-28,4,473.57,148.63,North,Furniture,CUST_484
2022-02-28,5,312.47,88.07,West,Electronics,CUST_480
2022-02-28,3,164.09,103.82,West,Clothing,CUST_4
2022-02-28,13,104.1,32.55,South,Food,CUST_84
2022-03-01,13,401.82,31.62,West,Electronics,CUST_72
2022-03-01,14,228.84,158.56,South,Clothing,CUST_356
2022-03-02,5,244.57,62.57,South,Electronics,CUST_66
2022-03-02,7,416.09,158.37,North,Furniture,CUST_150
2022-03-02,7,321.55,-42.24,South,Electronics,CUST_62
2022-03-02,14,409.62,159.18,South,Electronics,CUST_287
2022-03-02,5,90.82,-35.5,West,Furniture,CUST_128
2022-03-02,11,40.93,-13.7,South,Electronics,CUST_358
2022-03-02,9,358.57,127.45,North,Clothing,CUST_48
2022-03-03,14,368.77,91.98,East,Electronics,CUST_61
2022-03-03,7,415.36,5.55,West,Clothing,CUST_413
2022-03-03,10,96.89,50.46,East,Clothing,CUST_175
2022-03-04,4,109.0,-19.18,East,Furniture,CUST_39
2022-03-04,14,417.65,-37.12,East,Clothing,CUST_389
2022-03-04,7,300.2,38.27,West,Clothing,CUST_323
2022-03-05,11,346.28,9.3,East,Electronics,CUST_223
2022-03-05,9,298.99,164.93,South,Furniture,CUST_250
2022-03-05,1,162.42,23.4,West,Food,CUST_125
2022-03-06,10,269.03,53.94,East,Food,CUST_357
2022-03-06,7,142.58,195.39,North,Furniture,CUST_220
2022-03-06,11,407.92,175.73,East,Food,CUST_125
2022-03-06,7,431.41,98.92,East,Electronics,CUST_67
2022-03-06,13,301.82,178.43,North,Electronics,CUST_75
2022-03-07,2,71.15,-17.91,West,Food,CUST_473
2022-03-07,14,211.11,22.92,South,Electronics,CUST_226
2022-03-08,2,255.15,137.91,South,Clothing,CUST_206
2022-03-08,14,476.85,-30.62,North,Electronics,CUST_189
2022-03-08,1,467.57,-13.92,West,Furniture,CUST_313
2022-03-09,5,153.3,-15.65,North,Electronics,CUST_134
2022-03-09,6,165.32,-43.71,South,Clothing,CUST_89
2022-03-09,11,471.48,79.03,East,Clothing,CUST_241
2022-03-09,12,142.71,120.83,South,Clothing,CUST_475
2022-03-09,7,83.84,-4.77,North,Furniture,CUST_393
2022-03-10,9,434.27,9.4,South,Furniture,CUST_281
2022-03-10,5,203.8,155.93,West,Furniture,CUST_37
2022-03-10,12,238.84,23.25,North,Electronics,CUST_351
2022-03-10,14,309.86,195.88,North,Food,CUST_111
2022-03-10,8,301.63,37.8,West,Clothing,CUST_328
2022-03-11,10,478.1,34.83,North,Food,CUST_492
2022-03-11,2,498.96,30.24,West,Electronics,CUST_364
2022-03-12,1,479.26,171.88,South,Clothing,CUST_39
2022-03-12,6,371.41,13.81,North,Furniture,CUST_12
2022-03-12,13,226.07,163.41,North,Clothing,CUST_445
2022-03-13,3,91.09,-37.36,South,Furniture,CUST_59
2022-03-13,9,490.67,39.19,North,Furniture,CUST_220
2022-03-13,10,441.8,-45.48,North,Electronics,CUST_327
2022-03-13,8,172.62,127.95,South,Furniture,CUST_342
2022-03-13,3,485.35,190.19,West,Furniture,CUST_393
2022-03-13,10,126.22,-1.42,South,Clothing,CUST_421
2022-03-14,7,65.72,56.37,North,Furniture,CUST_224
2022-03-14,11,390.54,-46.8,West,Furniture,CUST_32
2022-03-14,4,289.19,62.7,East,Furniture,CUST_44
2022-03-14,10,195.84,88.59,West,Food,CUST_266
2022-03-14,14,426.92,92.49,West,Clothing,CUST_323
2022-03-14,13,234.21,20.83,South,Furniture,CUST_116
2022-03-14,12,187.05,73.69,North,Furniture,CUST_275
2022-03-14,6,140.12,118.1,South,Food,CUST_192
2022-03-14,9,438.36,17.71,East,Electronics,CUST_187
2022-03-15,11,387.46,131.52,North,Electronics,CUST_472
2022-03-15,10,200.98,135.68,East,Furniture,CUST_136
2022-03-15,7,197.63,29.37,North,Furniture,CUST_138
2022-03-15,9,51.06,64.1,West,Clothing,CUST_155
2022-03-16,2,427.42,-6.92,South,Food,CUST_86
2022-03-16,12,111.92,25.59,South,Electronics,CUST_374
2022-03-16,3,196.68,-43.54,West,Clothing,CUST_221
2022-03-16,12,40.15,-16.75,East,Clothing,CUST_101
2022-03-16,5,144.15,106.41,South,Food,CUST_495
2022-03-16,10,246.65,54.39,East,Clothing,CUST_63
2022-03-17,7,335.51,125.46,North,Clothing,CUST_422
2022-03-17,14,313.43,104.36,West,Clothing,CUST_434
2022-03-17,4,237.89,191.29,West,Furniture,CUST_163
2022-03-17,3,315.63,125.69,North,Clothing,CUST_194
2022-03-17,11,403.66,182.92,East,Clothing,CUST_239
2022-03-17,5,234.52,143.57,North,Electronics,CUST_382
2022-03-17,11,184.02,77.52,East,Clothing,CUST_214
2022-03-18,7,143.31,-49.14,South,Food,CUST_83
2022-03-18,13,66.06,98.75,North,Food,CUST_96
2022-03-19,10,378.01,162.16,North,Clothing,CUST_274
2022-03-19,13,452.35,-0.76,East,Food,CUST_132
2022-03-19,9,210.04,-48.08,East,Furniture,CUST_263
2022-03-19,13,222.38,93.17,West,Furniture,CUST_380
2022-03-19,2,412.54,73.38,South,Food,CUST_99
2022-03-19,10,311.7,109.66,West,Furniture,CUST_165
2022-03-20,14,234.05,75.77,West,Electronics,CUST_284
2022-03-20,4,116.15,107.48,West,Clothing,CUST_12
2022-03-20,10,169.87,117.96,South,Furniture,CUST_113
2022-03-20,2,24.79,144.97,East,Electronics,CUST_435
2022-03-20,3,428.58,146.09,West,Clothing,CUST_404
2022-03-20,1,62.13,134.04,North,Electronics,CUST_306
2022-03-20,6,63.01,131.34,East,Electronics,CUST_216
2022-03-21,2,31.11,76.56,East,Electronics,CUST_489
2022-03-22,7,225.5,143.88,South,Food,CUST_103
2022-03-23,7,479.51,188.02,North,Food,CUST_461
2022-03-23,7,98.07,131.38,East,Furniture,CUST_150
2022-03-23,8,498.66,128.76,West,Clothing,CUST_492
2022-03-23,10,120.99,42.74,South,Food,CUST_234
2022-03-24,11,274.2,170.17,East,Clothing,CUST_431
2022-03-24,9,172.11,170.13,West,Clothing,CUST_252
2022-03-24,1,209.72,27.68,East,Food,CUST_206
2022-03-24,6,166.95,181.42,South,Electronics,CUST_32
2022-03-24,2,369.3,-3.42,West,Furniture,CUST_365
2022-03-24,8,71.63,114.37,East,Furniture,CUST_325
2022-03-24,4,396.28,151.92,South,Electronics,CUST_56
2022-03-24,9,272.03,-15.39,East,Electronics,CUST_411
2022-03-25,2,244.42,41.38,South,Furniture,CUST_304
2022-03-25,13,391.48,76.3,East,Furniture,CUST_276
2022-03-25,14,303.35,76.82,South,Clothing,CUST_31
2022-03-26,9,227.64,51.21,North,Electronics,CUST_219
2022-03-26,2,323.07,164.93,South,Clothing,CUST_217
2022-03-26,11,123.43,-13.11,West,Food,CUST_83
2022-03-27,7,397.88,117.25,North,Food,CUST_34
2022-03-27,11,436.06,-11.54,North,Electronics,CUST_468
2022-03-27,6,240.16,141.68,West,Furniture,CUST_183
2022-03-27,14,27.49,33.28,West,Electronics,CUST_356
2022-03-28,12,87.63,-38.54,North,Food,CUST_403
2022-03-28,3,99.83,87.16,South,Clothing,CUST_411
2022-03-28,5,134.38,-31.79,West,Furniture,CUST_415
2022-03-28,10,320.07,-33.44,North,Clothing,CUST_430
2022-03-28,13,316.61,106.74,North,Food,CUST_471
2022-03-28,1,171.75,14.05,East,Clothing,CUST_256
2022-03-28,8,382.91,92.46,North,Furniture,CUST_380
2022-03-29,3,353.31,-10.73,South,Furniture,CUST_330
2022-03-29,11,447.35,-45.05,South,Food,CUST_400
2022-03-29,1,42.34,147.27,South,Food,CUST_0
2022-03-29,8,456.78,108.73,East,Food,CUST_211
2022-03-29,1,432.92,198.42,East,Food,CUST_6
2022-03-30,1,408.13,187.08,West,Food,CUST_331
2022-03-30,14,409.33,155.93,North,Furniture,CUST_387
2022-03-30,14,320.01,36.94,West,Electronics,CUST_279
2022-03-31,13,451.11,88.97,North,Furniture,CUST_126
2022-03-31,6,45.81,179.08,East,Food,CUST_235
2022-03-31,4,317.74,-4.35,East,Clothing,CUST_7
2022-03-31,14,301.85,57.78,North,Clothing,CUST_371
2022-03-31,6,465.23,129.65,North,Electronics,CUST_243
2022-03-31,12,339.43,-25.97,East,Electronics,CUST_234
2022-03-31,1,422.11,28.14,East,Clothing,CUST_185
2022-03-31,1,25.71,144.44,South,Clothing,CUST_386
2022-03-31,1,140.1,62.38,East,Clothing,CUST_426
2022-04-01,13,426.29,172.64,South,Electronics,CUST_464
2022-04-01,6,158.72,198.62,North,Furniture,CUST_496
2022-04-02,8,113.28,-44.33,West,Furniture,CUST_205
2022-04-02,10,142.01,-11.58,South,Electronics,CUST_213
2022-04-02,5,229.42,-48.15,East,Electronics,CUST_43
2022-04-02,8,236.01,-27.35,West,Furniture,CUST_322
2022-04-02,1,76.67,122.11,North,Furniture,CUST_358
2022-04-02,7,249.19,-21.82,North,Furniture,CUST_345
2022-04-02,11,242.0,102.2,East,Electronics,CUST_303
2022-04-03,13,138.0,72.34,West,Furniture,CUST_467
2022-04-03,6,71.5,102.47,South,Furniture,CUST_126
2022-04-03,2,338.51,110.61,South,Clothing,CUST_173
2022-04-03,14,82.82,86.61,North,Food,CUST_422
2022-04-03,8,192.48,59.55,North,Electronics,CUST_291
2022-04-03,2,388.92,10.13,North,Electronics,CUST_434
2022-04-03,2,381.19,22.86,South,Furniture,CUST_448
2022-04-04,1,259.78,12.1,East,Food,CUST_346
2022-04-05,2,253.67,60.93,West,Electronics,CUST_286
2022-04-05,9,276.86,-47.79,West,Clothing,CUST_324
2022-04-05,8,67.25,-26.98,East,Furniture,CUST_66
2022-04-05,13,304.37,-19.49,West,Electronics,CUST_120
2022-04-06,2,419.65,88.87,North,Clothing,CUST_443
2022-04-06,3,419.81,65.24,North,Clothing,CUST_406
2022-04-06,10,184.58,-40.8,South,Clothing,CUST_10
2022-04-06,8,221.16,125.48,North,Clothing,CUST_117
2022-04-06,8,325.74,33.84,East,Food,CUST_262
2022-04-07,10,30.62,126.76,South,Electronics,CUST_480
2022-04-07,12,210.46,128.71,North,Clothing,CUST_367
2022-04-08,3,193.5,-41.91,North,Food,CUST_206
2022-04-08,13,273.07,73.1,West,Clothing,CUST_92
2022-04-08,1,303.31,138.3,East,Electronics,CUST_31
2022-04-08,2,51.65,10.06,West,Food,CUST_195
2022-04-09,14,237.0,0.36,North,Electronics,CUST_205
2022-04-09,14,29.17,72.22,West,Electronics,CUST_17
2022-04-09,14,51.63,-2.31,West,Electronics,CUST_246
2022-04-09,7,459.98,63.02,West,Furniture,CUST_188
2022-04-09,7,191.06,146.5,West,Furniture,CUST_97
2022-04-10,2,327.21,197.15,East,Furniture,CUST_452
2022-04-10,5,127.7,107.37,West,Furniture,CUST_228
2022-04-11,4,337.55,-29.87,North,Electronics,CUST_185
2022-04-11,14,358.58,-47.02,South,Clothing,CUST_412
2022-04-11,7,174.51,76.62,North,Clothing,CUST_157
2022-04-11,13,80.18,95.63,South,Electronics,CUST_256
2022-04-11,5,158.23,18.4,North,Electronics,CUST_334
2022-04-11,3,178.05,51.13,West,Furniture,CUST_246
2022-04-12,10,360.46,11.59,East,Clothing,CUST_56
2022-04-12,2,290.08,118.44,West,Clothing,CUST_75
2022-04-12,13,453.02,50.91,South,Clothing,CUST_350
2022-04-13,2,432.21,-19.9,West,Food,CUST_122
2022-04-13,8,307.31,33.8,North,Furniture,CUST_88
2022-04-13,12,359.49,183.06,South,Electronics,CUST_486
2022-04-14,10,345.7,-47.53,East,Food,CUST_115
2022-04-14,12,484.74,114.93,West,Food,CUST_202
2022-04-14,4,270.89,0.67,West,Electronics,CUST_294
2022-04-14,5,414.93,105.79,West,Furniture,CUST_106
2022-04-14,12,272.84,-36.76,West,Furniture,CUST_95
2022-04-14,2,105.67,147.22,West,Furniture,CUST_349
2022-04-14,1,202.02,35.49,North,Electronics,CUST_418
2022-04-15,3,142.95,142.61,East,Furniture,CUST_6
2022-04-15,9,269.61,50.72,East,Furniture,CUST_385
2022-04-15,5,422.12,164.04,South,Clothing,CUST_465
2022-04-15,11,49.42,84.74,East,Food,CUST_43
2022-04-15,1,422.38,99.87,North,Furniture,CUST_8
2022-04-16,3,55.84,133.46,North,Food,CUST_375
2022-04-16,9,231.45,151.83,West,Furniture,CUST_281
2022-04-16,1,349.71,-5.59,West,Furniture,CUST_121
2022-04-16,5,302.59,181.51,North,Electronics,CUST_316
2022-04-16,14,231.8,157.33,East,Clothing,CUST_271
2022-04-16,9,49.96,179.19,East,Clothing,CUST_487
2022-04-17,10,137.67,80.74,East,Electronics,CUST_194
2022-04-17,2,32.77,-7.27,West,Clothing,CUST_149
2022-04-17,1,261.23,68.4,East,Furniture,CUST_394
2022-04-18,1,356.29,-9.66,South,Food,CUST_21
2022-04-18,10,399.28,11.19,North,Food,CUST_12
2022-04-18,10,471.42,186.96,West,Electronics,CUST_72
2022-04-18,6,74.47,116.39,South,Furniture,CUST_54
2022-04-18,5,211.98,-42.43,East,Furniture,CUST_59
2022-04-19,2,248.64,-5.64,North,Furniture,CUST_400
2022-04-19,14,197.57,155.17,East,Furniture,CUST_122
2022-04-19,14,58.55,-32.59,North,Electronics,CUST_373
2022-04-19,8,199.49,-15.15,South,Clothing,CUST_191
2022-04-19,2,372.36,111.28,South,Clothing,CUST_437
2022-04-19,11,300.19,1.27,South,Clothing,CUST_353
2022-04-19,11,92.1,93.98,East,Electronics,CUST_241
2022-04-19,12,251.14,1.52,South,Furniture,CUST_87
2022-04-20,5,354.79,-32.27,South,Food,CUST_374
2022-04-20,4,327.64,128.08,East,Furniture,CUST_244
2022-04-21,13,290.15,54.67,South,Electronics,CUST_192
2022-04-21,9,261.09,1.87,South,Clothing,CUST_117
2022-04-21,11,39.79,90.13,South,Electronics,CUST_194
2022-04-21,6,342.07,-33.4,South,Electronics,CUST_449
2022-04-21,9,106.7,118.43,West,Electronics,CUST_156
2022-04-21,7,118.14,-12.42,North,Clothing,CUST_336
2022-04-21,9,54.41,65.17,North,Electronics,CUST_216
2022-04-21,5,336.71,70.62,North,Electronics,CUST_385
2022-04-21,8,52.19,149.07,South,Food,CUST_38
2022-04-21,8,302.39,153.8,South,Electronics,CUST_362
2022-04-22,8,365.13,121.21,North,Food,CUST_36
2022-04-22,4,234.59,28.23,South,Electronics,CUST_44
2022-04-22,8,463.08,194.95,South,Clothing,CUST_244
2022-04-22,10,180.14,116.06,West,Furniture,CUST_26
2022-04-22,10,67.84,129.61,East,Clothing,CUST_423
2022-04-23,12,450.31,112.58,West,Furniture,CUST_144
2022-04-23,14,53.71,50.08,South,Furniture,CUST_184
2022-04-23,3,432.4,112.54,South,Electronics,CUST_166
2022-04-23,1,353.84,58.56,South,Furniture,CUST_140
2022-04-23,9,418.38,146.15,West,Clothing,CUST_164
2022-04-23,9,408.48,64.6,West,Electronics,CUST_85
2022-04-23,2,404.2,172.05,West,Food,CUST_472
2022-04-23,4,255.12,78.74,East,Food,CUST_239
2022-04-23,11,357.94,154.58,South,Furniture,CUST_499
2022-04-24,2,349.32,46.95,South,Clothing,CUST_126
2022-04-24,3,142.92,151.92,West,Clothing,CUST_422
2022-04-24,1,346.69,171.22,South,Furniture,CUST_37
2022-04-24,3,51.48,142.81,North,Clothing,CUST_148
2022-04-24,8,405.18,78.54,East,Furniture,CUST_3
2022-04-24,5,110.11,86.66,North,Furniture,CUST_250
2022-04-25,10,268.94,-43.49,West,Furniture,CUST_411
2022-04-25,8,414.81,86.72,East,Furniture,CUST_207
2022-04-25,14,219.53,-40.04,East,Food,CUST_392
2022-04-26,3,235.8,-29.94,South,Furniture,CUST_488
2022-04-26,10,223.64,135.72,West,Electronics,CUST_367
2022-04-26,5,113.34,-34.76,East,Clothing,CUST_488
2022-04-26,3,65.1,124.85,South,Clothing,CUST_186
2022-04-26,3,469.45,-31.73,East,Furniture,CUST_215
2022-04-26,13,385.54,9.49,West,Furniture,CUST_412
2022-04-26,6,201.85,-17.93,East,Clothing,CUST_158
2022-04-26,11,155.54,22.83,North,Furniture,CUST_498
2022-04-27,10,282.1,-42.72,East,Food,CUST_369
2022-04-27,3,112.21,170.38,West,Electronics,CUST_172
2022-04-27,12,64.86,60.26,South,Food,CUST_336
2022-04-27,4,449.41,55.51,South,Electronics,CUST_325
2022-04-28,13,101.39,-44.49,West,Electronics,CUST_72
2022-04-28,6,112.82,44.34,West,Clothing,CUST_419
2022-04-28,5,255.79,4.77,East,Food,CUST_487
2022-04-28,12,475.51,94.52,West,Clothing,CUST_326
2022-04-28,2,155.12,160.74,North,Electronics,CUST_224
2022-04-28,8,75.28,74.34,North,Furniture,CUST_173
2022-04-29,13,462.77,68.73,North,Food,CUST_447
2022-04-29,5,163.16,-32.87,East,Furniture,CUST_304
2022-04-29,10,228.1,-44.51,West,Furniture,CUST_346
2022-04-29,12,337.46,112.05,North,Electronics,CUST_4
2022-04-30,7,144.61,110.36,South,Electronics,CUST_321
2022-04-30,14,415.26,126.47,South,Furniture,CUST_315
2022-05-01,4,445.05,198.57,West,Food,CUST_336
2022-05-01,9,340.44,-16.12,West,Electronics,CUST_196
2022-05-02,12,315.9,-37.02,West,Food,CUST_3
2022-05-02,3,498.57,37.18,North,Food,CUST_474
2022-05-02,9,248.71,191.97,North,Furniture,CUST_372
2022-05-02,2,285.6,151.13,West,Electronics,CUST_126
2022-05-02,8,330.88,90.11,West,Electronics,CUST_405
2022-05-02,4,59.09,148.33,South,Food,CUST_73
2022-05-02,9,430.03,130.88,East,Food,CUST_46
2022-05-02,1,21.78,-44.75,South,Electronics,CUST_91
2022-05-03,1,497.68,13.34,South,Clothing,CUST_271
2022-05-03,10,295.04,103.79,West,Clothing,CUST_318
2022-05-03,1,353.91,91.94,East,Clothing,CUST_387
2022-05-03,7,384.27,187.2,East,Electronics,CUST_155
2022-05-03,14,361.57,-9.11,East,Food,CUST_115
2022-05-04,13,214.47,39.66,North,Food,CUST_76
2022-05-04,2,258.45,190.68,North,Furniture,CUST_467
2022-05-04,10,352.94,44.76,North,Furniture,CUST_329
2022-05-04,14,54.15,68.83,East,Food,CUST_338
2022-05-04,12,292.56,54.15,North,Clothing,CUST_100
2022-05-05,10,226.79,181.07,South,Food,CUST_170
2022-05-05,3,233.42,34.65,North,Clothing,CUST_483
2022-05-05,10,375.0,27.75,North,Food,CUST_68
2022-05-05,10,418.01,0.17,West,Furniture,CUST_451
2022-05-05,9,309.41,61.42,South,Electronics,CUST_364
2022-05-05,9,195.67,50.69,North,Furniture,CUST_84
2022-05-05,4,229.2,156.27,South,Clothing,CUST_74
2022-05-06,6,422.81,174.68,West,Clothing,CUST_115
2022-05-06,1,161.74,42.67,South,Clothing,CUST_40
2022-05-06,6,497.34,169.19,South,Furniture,CUST_17
2022-05-06,4,370.16,175.08,South,Furniture,CUST_134
2022-05-06,3,265.18,141.29,South,Food,CUST_51
2022-05-06,13,328.31,117.68,East,Furniture,CUST_184
2022-05-06,3,164.11,45.19,East,Clothing,CUST_176
2022-05-07,9,121.02,165.92,North,Furniture,CUST_350
2022-05-07,8,341.28,53.4,South,Electronics,CUST_478
2022-05-07,11,372.89,119.97,West,Furniture,CUST_203
2022-05-08,2,244.33,128.09,West,Electronics,CUST_481
2022-05-08,9,58.01,183.5,East,Furniture,CUST_259
2022-05-08,5,85.58,81.78,South,Furniture,CUST_187
2022-05-08,12,50.76,-16.71,West,Clothing,CUST_497
2022-05-08,9,323.99,-46.82,North,Clothing,CUST_302
2022-05-09,2,429.51,192.64,South,Furniture,CUST_487
2022-05-09,14,358.94,197.1,East,Electronics,CUST_307
2022-05-09,10,141.82,155.21,South,Clothing,CUST_15
2022-05-09,7,476.42,-44.02,North,Clothing,CUST_431
2022-05-09,9,284.47,-9.58,West,Food,CUST_89
2022-05-09,10,493.19,25.55,South,Food,CUST_390
2022-05-09,3,398.84,-42.6,South,Furniture,CUST_30
2022-05-09,10,123.67,135.01,North,Furniture,CUST_474
2022-05-10,3,266.91,117.68,West,Electronics,CUST_469
2022-05-10,2,348.7,177.9,West,Electronics,CUST_459
2022-05-10,1,140.0,80.53,West,Food,CUST_323
2022-05-10,6,257.07,48.92,West,Electronics,CUST_146
2022-05-10,5,477.87,195.38,South,Electronics,CUST_259
2022-05-10,13,274.56,177.9,North,Clothing,CUST_299
2022-05-10,1,28.12,-19.7,East,Food,CUST_279
2022-05-10,11,489.14,-40.53,East,Furniture,CUST_19
2022-05-11,9,466.33,103.32,North,Clothing,CUST_8
2022-05-11,9,66.08,-28.62,East,Furniture,CUST_99
2022-05-11,9,110.54,171.67,West,Furniture,CUST_53
2022-05-11,3,196.2,49.97,North,Clothing,CUST_437
2022-05-11,11,251.3,31.18,West,Furniture,CUST_283
2022-05-12,10,411.14,75.0,South,Clothing,CUST_191
2022-05-12,13,261.39,111.89,South,Furniture,CUST_28
2022-05-12,4,395.95,-19.15,West,Furniture,CUST_430
2022-05-12,5,275.05,-7.6,South,Electronics,CUST_43
2022-05-12,14,378.92,100.36,South,Clothing,CUST_276
2022-05-13,1,113.94,152.21,South,Food,CUST_104
2022-05-13,8,300.6,188.56,North,Electronics,CUST_485
2022-05-13,10,94.72,197.66,East,Food,CUST_225
2022-05-14,13,297.58,134.82,North,Furniture,CUST_271
2022-05-14,6,456.13,91.38,East,Clothing,CUST_97
2022-05-14,3,368.43,-28.81,West,Electronics,CUST_150
2022-05-14,4,188.61,160.73,West,Furniture,CUST_374
2022-05-14,12,183.93,-43.01,East,Clothing,CUST_483
2022-05-14,5,297.16,20.42,North,Furniture,CUST_252
2022-05-15,2,355.61,88.86,North,Electronics,CUST_327
2022-05-15,1,152.08,16.32,West,Electronics,CUST_289
2022-05-15,10,50.98,7.25,South,Food,CUST_88
2022-05-15,14,429.36,88.31,East,Electronics,CUST_353
2022-05-16,5,222.92,112.21,South,Clothing,CUST_13
2022-05-16,9,282.32,97.0,North,Electronics,CUST_113
2022-05-17,13,152.78,153.91,West,Electronics,CUST_458
2022-05-17,10,146.95,62.49,North,Clothing,CUST_422
2022-05-17,2,482.5,123.53,South,Food,CUST_266
2022-05-17,4,330.8,178.88,South,Food,CUST_157
2022-05-17,3,122.06,-31.2,East,Food,CUST_445
2022-05-17,12,75.61,-24.54,West,Food,CUST_370
2022-05-17,9,41.22,193.15,North,Food,CUST_470
2022-05-17,4,298.42,81.63,North,Food,CUST_84
2022-05-17,11,104.84,-9.14,East,Food,CUST_102
2022-05-18,6,29.37,140.42,North,Electronics,CUST_107
2022-05-18,10,54.76,71.55,South,Furniture,CUST_106
2022-05-18,13,195.18,121.43,East,Clothing,CUST_433
2022-05-18,2,358.11,196.28,East,Food,CUST_131
2022-05-18,3,28.23,71.85,North,Electronics,CUST_3
2022-05-19,6,488.21,171.27,South,Food,CUST_397
2022-05-19,7,228.13,-15.81,West,Clothing,CUST_104
2022-05-19,14,204.38,45.61,West,Clothing,CUST_472
2022-05-19,2,48.91,20.38,North,Furniture,CUST_110
2022-05-19,12,169.52,111.57,North,Clothing,CUST_407
2022-05-19,10,101.11,78.9,North,Furniture,CUST_414
2022-05-19,10,423.09,110.16,West,Clothing,CUST_246
2022-05-20,4,411.47,42.79,East,Clothing,CUST_470
2022-05-20,14,428.97,45.27,South,Clothing,CUST_388
2022-05-20,6,268.37,95.59,South,Food,CUST_240
2022-05-20,11,279.34,81.06,East,Electronics,CUST_167
2022-05-20,12,202.73,157.5,East,Food,CUST_353
2022-05-20,13,265.12,143.61,South,Food,CUST_418
2022-05-21,10,447.56,71.15,East,Electronics,CUST_192
2022-05-21,12,376.78,-49.36,North,Food,CUST_271
2022-05-21,5,263.92,158.3,West,Food,CUST_340
2022-05-21,9,291.3,84.18,South,Electronics,CUST_226
2022-05-21,5,455.69,71.96,South,Clothing,CUST_112
2022-05-21,1,225.16,-9.07,South,Electronics,CUST_139
2022-05-21,11,420.03,60.95,West,Clothing,CUST_431
2022-05-22,8,370.71,55.71,South,Electronics,CUST_352
2022-05-22,13,354.1,2.57,South,Furniture,CUST_158
2022-05-22,5,259.34,109.74,East,Electronics,CUST_451
2022-05-23,11,474.51,-34.89,South,Clothing,CUST_302
2022-05-23,8,273.7,6.66,South,Clothing,CUST_337
2022-05-23,1,176.34,120.35,North,Furniture,CUST_373
2022-05-23,14,451.93,10.61,South,Electronics,CUST_262
2022-05-23,6,439.43,35.4,West,Furniture,CUST_287
2022-05-23,7,268.9,-25.88,North,Electronics,CUST_375
2022-05-23,2,486.84,120.64,North,Food,CUST_285
2022-05-23,1,145.58,194.79,East,Furniture,CUST_68
2022-05-24,3,492.39,20.29,South,Clothing,CUST_227
2022-05-24,8,155.21,81.12,North,Food,CUST_428
2022-05-24,4,393.12,47.31,North,Furniture,CUST_302
2022-05-24,14,30.82,125.72,South,Furniture,CUST_164
2022-05-24,2,61.48,-43.25,South,Electronics,CUST_183
2022-05-24,9,399.59,144.06,East,Electronics,CUST_100
2022-05-24,13,245.71,136.83,South,Food,CUST_349
2022-05-25,3,457.22,-7.98,North,Electronics,CUST_290
2022-05-25,10,326.06,147.43,East,Electronics,CUST_95
2022-05-25,7,319.97,78.77,West,Food,CUST_187
2022-05-26,9,288.72,189.65,West,Furniture,CUST_35
2022-05-26,4,391.11,184.6,South,Clothing,CUST_259
2022-05-26,10,290.06,12.66,East,Electronics,CUST_140
2022-05-26,3,193.97,-41.38,East,Clothing,CUST_158
2022-05-26,12,284.72,-4.33,East,Electronics,CUST_77
2022-05-26,11,154.62,111.32,South,Food,CUST_14
2022-05-27,12,175.41,74.85,West,Electronics,CUST_135
2022-05-27,12,487.49,189.39,South,Clothing,CUST_418
2022-05-27,3,206.91,46.01,West,Furniture,CUST_164
2022-05-27,4,94.71,40.73,North,Furniture,CUST_172
2022-05-27,6,387.36,163.81,South,Furniture,CUST_458
2022-05-28,5,54.51,128.95,North,Electronics,CUST_278
2022-05-28,9,203.06,69.89,West,Electronics,CUST_231
2022-05-28,9,45.18,187.28,East,Food,CUST_171
2022-05-28,13,214.09,183.18,West,Furniture,CUST_398
2022-05-28,12,342.61,187.48,North,Electronics,CUST_420
2022-05-28,3,196.59,-41.24,North,Electronics,CUST_218
2022-05-28,10,122.72,97.46,East,Furniture,CUST_382
2022-05-29,7,455.07,-18.19,South,Clothing,CUST_25
2022-05-29,10,231.26,92.61,West,Furniture,CUST_326
2022-05-29,13,75.97,7.26,West,Clothing,CUST_239
2022-05-29,8,362.35,62.1,North,Food,CUST_479
2022-05-29,11,108.45,137.67,South,Furniture,CUST_451
2022-05-29,11,357.68,126.4,West,Clothing,CUST_204
2022-05-29,1,329.94,160.36,South,Electronics,CUST_476
2022-05-30,13,395.1,139.29,West,Food,CUST_157
2022-05-30,1,20.65,60.52,North,Electronics,CUST_293
2022-05-31,11,28.66,121.39,West,Electronics,CUST_181
2022-05-31,14,375.14,181.11,South,Furniture,CUST_277
2022-05-31,2,25.82,33.99,North,Furniture,CUST_23
2022-05-31,14,105.76,11.93,West,Electronics,CUST_457
2022-06-01,3,351.61,122.74,East,Furniture,CUST_198
2022-06-01,11,172.87,41.35,South,Furniture,CUST_149
2022-06-01,3,239.58,51.47,West,Furniture,CUST_435
2022-06-01,5,154.13,-43.94,East,Food,CUST_180
2022-06-01,11,100.93,131.73,South,Food,CUST_460
2022-06-02,13,443.65,132.67,East,Electronics,CUST_265
2022-06-02,5,431.45,16.89,East,Furniture,CUST_206
2022-06-02,6,353.99,26.07,South,Electronics,CUST_360
2022-06-02,8,322.16,20.9,South,Clothing,CUST_99
2022-06-03,12,162.71,-31.19,South,Electronics,CUST_5
2022-06-03,14,20.52,65.19,South,Clothing,CUST_447
2022-06-03,1,288.88,150.25,East,Food,CUST_68
2022-06-03,11,404.0,34.07,East,Clothing,CUST_211
2022-06-03,7,218.47,83.88,West,Clothing,CUST_362
2022-06-03,7,28.74,45.22,West,Clothing,CUST_300
2022-06-03,4,215.18,182.87,West,Electronics,CUST_43
2022-06-03,11,430.23,-28.74,North,Furniture,CUST_204
2022-06-03,11,145.73,79.47,West,Clothing,CUST_24
2022-06-03,2,465.06,64.71,North,Food,CUST_340
2022-06-04,3,482.12,102.17,North,Food,CUST_77
2022-06-04,3,35.53,30.28,West,Clothing,CUST_196
2022-06-04,5,146.84,96.75,North,Electronics,CUST_210
2022-06-04,2,105.17,170.39,North,Electronics,CUST_344
2022-06-04,5,154.74,-0.1,East,Clothing,CUST_267
2022-06-05,3,94.19,170.37,East,Clothing,CUST_69
2022-06-05,1,313.78,-14.08,South,Furniture,CUST_358
2022-06-05,4,392.56,103.83,North,Food,CUST_494
2022-06-05,2,31.6,127.38,South,Food,CUST_301
2022-06-05,8,214.48,-34.72,West,Food,CUST_325
2022-06-05,7,218.34,51.12,East,Clothing,CUST_393
2022-06-06,1,134.05,104.59,West,Clothing,CUST_379
2022-06-06,9,269.6,93.06,East,Food,CUST_294
2022-06-06,8,103.73,97.63,North,Furniture,CUST_473
2022-06-06,6,214.08,14.14,West,Electronics,CUST_189
2022-06-06,10,358.09,98.18,South,Furniture,CUST_304
2022-06-07,11,75.45,101.41,West,Clothing,CUST_242
2022-06-08,10,136.64,198.84,North,Clothing,CUST_71
2022-06-08,10,420.73,35.28,South,Furniture,CUST_407
2022-06-08,12,170.52,169.58,North,Furniture,CUST_426
2022-06-08,10,317.55,-39.12,North,Electronics,CUST_130
2022-06-08,3,339.52,170.53,North,Clothing,CUST_116
2022-06-09,11,289.61,101.35,West,Electronics,CUST_367
2022-06-09,5,362.46,126.23,North,Clothing,CUST_456
2022-06-09,13,386.23,85.08,West,Food,CUST_203
2022-06-09,13,472.35,51.73,North,Electronics,CUST_237
2022-06-09,4,71.06,-10.4,North,Electronics,CUST_178
2022-06-09,1,91.23,116.95,North,Electronics,CUST_371
2022-06-10,8,157.66,171.32,West,Food,CUST_93
2022-06-10,6,480.2,-9.55,East,Electronics,CUST_80
2022-06-10,10,415.43,147.49,North,Food,CUST_485
2022-06-10,8,456.97,-28.96,West,Food,CUST_169
2022-06-10,5,191.11,21.75,North,Food,CUST_212
2022-06-11,3,481.16,26.1,West,Food,CUST_466
2022-06-11,9,80.83,152.58,West,Food,CUST_89
2022-06-11,9,193.65,195.1,East,Furniture,CUST_55
2022-06-11,1,427.94,-12.84,East,Clothing,CUST_348
2022-06-11,9,93.95,59.6,North,Food,CUST_429
2022-06-11,8,323.84,-21.19,North,Clothing,CUST_69
2022-06-11,4,448.17,-5.27,North,Electronics,CUST_211
2022-06-11,14,469.06,126.26,North,Food,CUST_311
2022-06-12,5,57.36,164.75,South,Clothing,CUST_57
2022-06-12,6,377.2,74.98,North,Food,CUST_155
2022-06-12,2,142.6,21.94,North,Electronics,CUST_139
2022-06-12,12,244.52,20.7,North,Furniture,CUST_294
2022-06-13,10,380.78,44.45,North,Clothing,CUST_381
2022-06-13,3,129.2,142.19,East,Food,CUST_365
2022-06-13,8,35.37,11.55,East,Food,CUST_124
2022-06-13,11,187.05,173.82,South,Furniture,CUST_285
2022-06-13,6,121.41,13.93,East,Food,CUST_242
2022-06-14,4,123.82,-12.24,North,Electronics,CUST_447
2022-06-14,10,396.84,73.09,North,Clothing,CUST_251
2022-06-14,12,85.2,-5.63,East,Clothing,CUST_492
2022-06-14,1,472.23,-15.93,North,Furniture,CUST_159
2022-06-14,14,218.94,167.02,North,Furniture,CUST_118
2022-06-14,9,425.32,-50.0,North,Furniture,CUST_405
2022-06-15,14,268.64,103.58,North,Furniture,CUST_123
2022-06-15,10,36.37,1.36,West,Electronics,CUST_183
2022-06-15,6,111.01,-27.79,East,Clothing,CUST_257
2022-06-15,7,201.51,112.81,West,Clothing,CUST_209
2022-06-15,13,399.3,4.73,East,Electronics,CUST_51
2022-06-15,11,249.72,191.6,West,Food,CUST_346
2022-06-15,2,275.11,99.22,East,Clothing,CUST_98
2022-06-16,8,98.54,46.97,West,Clothing,CUST_34
2022-06-16,6,455.66,56.35,North,Food,CUST_463
2022-06-16,6,298.65,101.63,West,Clothing,CUST_110
2022-06-17,12,491.63,125.41,North,Food,CUST_175
2022-06-17,3,256.65,6.33,West,Furniture,CUST_9
2022-06-18,6,174.77,-4.02,West,Food,CUST_444
2022-06-18,1,363.04,-22.12,East,Clothing,CUST_117
2022-06-19,12,166.67,89.38,East,Electronics,CUST_272
2022-06-19,10,90.73,137.15,North,Furniture,CUST_474
2022-06-19,1,286.8,-41.68,North,Furniture,CUST_75
2022-06-19,11,62.22,137.54,West,Clothing,CUST_150
2022-06-19,11,294.49,171.91,East,Furniture,CUST_188
2022-06-19,7,375.01,159.41,West,Furniture,CUST_451
2022-06-20,11,406.87,-41.65,East,Electronics,CUST_69
2022-06-20,13,490.09,79.22,West,Food,CUST_131
2022-06-20,14,418.12,195.84,West,Clothing,CUST_445
2022-06-20,7,53.18,69.5,North,Clothing,CUST_473
2022-06-20,12,77.57,40.83,North,Electronics,CUST_149
2022-06-20,2,242.85,8.82,West,Food,CUST_1
2022-06-20,1,26.83,165.77,North,Clothing,CUST_341
2022-06-20,3,473.24,89.25,West,Furniture,CUST_452
2022-06-20,12,469.13,129.08,West,Clothing,CUST_115
2022-06-21,8,282.41,111.83,East,Electronics,CUST_55
2022-06-21,10,298.9,179.89,East,Furniture,CUST_253
2022-06-21,11,289.6,94.68,West,Clothing,CUST_84
2022-06-21,7,332.05,18.51,West,Food,CUST_401
2022-06-22,2,368.41,132.94,South,Food,CUST_366
2022-06-22,2,165.87,179.32,South,Electronics,CUST_132
2022-06-22,2,358.54,-35.93,East,Clothing,CUST_370
2022-06-22,12,492.63,-46.86,East,Clothing,CUST_233
2022-06-22,13,191.07,124.69,West,Clothing,CUST_487
2022-06-22,12,241.68,50.34,North,Electronics,CUST_363
2022-06-22,14,276.92,188.82,West,Furniture,CUST_467
2022-06-23,3,428.6,-5.87,North,Clothing,CUST_418
2022-06-23,14,141.17,80.84,North,Electronics,CUST_490
2022-06-24,14,348.43,-29.98,North,Clothing,CUST_121
2022-06-24,1,454.0,137.89,North,Furniture,CUST_427
2022-06-24,9,157.24,141.28,North,Furniture,CUST_128
2022-06-24,14,42.86,153.09,South,Clothing,CUST_351
2022-06-24,11,428.3,16.25,South,Clothing,CUST_177
2022-06-24,9,350.54,199.2,North,Furniture,CUST_283
2022-06-25,11,42.32,1.7,South,Clothing,CUST_257
2022-06-25,5,186.54,181.06,East,Electronics,CUST_158
2022-06-26,4,250.87,-29.68,South,Food,CUST_387
2022-06-26,7,169.3,157.83,West,Electronics,CUST_406
2022-06-26,5,174.84,159.55,South,Electronics,CUST_426
2022-06-26,3,124.13,77.8,North,Furniture,CUST_272
2022-06-26,9,59.68,160.3,East,Electronics,CUST_37
2022-06-26,4,487.42,161.84,West,Food,CUST_212
2022-06-26,10,32.28,96.05,South,Furniture,CUST_184
2022-06-26,11,319.23,14.14,West,Electronics,CUST_419
2022-06-28,9,177.92,154.95,East,Clothing,CUST_213
2022-06-28,5,35.44,39.66,West,Clothing,CUST_57
2022-06-28,14,210.52,115.18,East,Clothing,CUST_386
2022-06-28,9,488.74,141.22,South,Clothing,CUST_154
2022-06-28,14,176.41,28.0,East,Furniture,CUST_103
2022-06-28,12,360.93,66.04,West,Furniture,CUST_328
2022-06-28,1,251.4,100.68,South,Food,CUST_429
2022-06-29,12,253.55,187.44,South,Electronics,CUST_382
2022-06-29,12,67.84,133.74,East,Electronics,CUST_270
2022-06-30,3,342.13,85.25,West,Electronics,CUST_272
2022-06-30,6,158.34,-10.21,North,Electronics,CUST_251
2022-06-30,14,469.8,-29.73,South,Clothing,CUST_58
2022-07-01,2,407.45,27.86,North,Furniture,CUST_448
2022-07-01,6,103.49,151.7,North,Electronics,CUST_329
2022-07-02,13,473.58,-47.13,North,Furniture,CUST_472
2022-07-02,13,118.69,45.94,East,Clothing,CUST_356
2022-07-02,5,53.11,61.61,North,Food,CUST_232
2022-07-02,8,234.22,70.48,East,Food,CUST_373
2022-07-02,8,313.56,54.18,North,Electronics,CUST_464
2022-07-02,3,61.69,20.23,South,Food,CUST_103
2022-07-02,14,257.04,28.64,East,Food,CUST_473
2022-07-02,9,258.63,168.34,North,Furniture,CUST_84
2022-07-02,13,235.51,92.75,North,Clothing,CUST_123
2022-07-03,11,35.54,81.95,North,Furniture,CUST_273
2022-07-03,1,352.97,35.76,South,Food,CUST_448
2022-07-03,13,190.66,-0.85,North,Food,CUST_423
2022-07-03,4,339.61,150.21,South,Food,CUST_215
2022-07-03,13,418.73,-23.35,South,Electronics,CUST_108
2022-07-04,11,299.82,96.47,South,Furniture,CUST_343
2022-07-04,12,341.7,160.74,North,Furniture,CUST_485
2022-07-04,11,54.29,42.82,South,Furniture,CUST_108
2022-07-04,6,421.16,102.15,West,Furniture,CUST_328
2022-07-05,13,183.92,88.36,West,Food,CUST_445
2022-07-06,2,208.35,82.79,South,Food,CUST_106
2022-07-06,1,386.27,43.19,North,Food,CUST_465
2022-07-06,6,427.84,-9.18,West,Food,CUST_300
2022-07-06,1,21.73,-48.93,East,Electronics,CUST_144
2022-07-06,2,45.15,-20.74,North,Food,CUST_166
2022-07-06,12,197.15,46.77,North,Clothing,CUST_28
2022-07-06,14,343.14,178.17,South,Electronics,CUST_149
2022-07-06,14,149.81,41.88,West,Furniture,CUST_205
2022-07-06,2,205.1,54.96,North,Clothing,CUST_298
2022-07-07,6,185.8,-42.6,South,Clothing,CUST_309
2022-07-07,1,460.41,38.49,West,Clothing,CUST_194
2022-07-07,6,281.71,2.34,West,Furniture,CUST_438
2022-07-07,7,206.55,61.08,East,Furniture,CUST_130
2022-07-07,7,153.13,20.72,North,Clothing,CUST_70
2022-07-07,12,368.87,122.51,West,Clothing,CUST_447
2022-07-07,13,26.05,73.5,East,Clothing,CUST_98
2022-07-07,14,135.52,104.36,East,Electronics,CUST_204
2022-07-07,14,307.73,4.29,West,Electronics,CUST_54
2022-07-08,10,87.67,47.32,East,Food,CUST_3
2022-07-08,6,464.55,121.06,West,Clothing,CUST_473
2022-07-08,7,278.05,28.44,East,Food,CUST_42
2022-07-08,14,41.82,71.65,West,Clothing,CUST_153
2022-07-08,12,482.88,174.72,South,Electronics,CUST_45
2022-07-09,5,167.05,103.1,South,Electronics,CUST_302
2022-07-09,3,60.02,192.64,West,Electronics,CUST_412
2022-07-09,3,339.81,100.07,West,Furniture,CUST_448
2022-07-09,10,225.76,66.13,East,Electronics,CUST_25
2022-07-09,12,369.3,44.78,West,Clothing,CUST_131
2022-07-09,6,79.19,199.34,South,Food,CUST_327
2022-07-09,6,237.09,6.32,South,Electronics,CUST_478
2022-07-10,13,291.47,70.05,North,Clothing,CUST_298
2022-07-10,1,221.38,152.54,East,Clothing,CUST_334
2022-07-10,3,102.75,117.77,East,Furniture,CUST_221
2022-07-10,4,90.46,32.82,West,Clothing,CUST_314
2022-07-10,8,483.4,87.98,West,Clothing,CUST_255
2022-07-10,10,483.83,140.69,North,Food,CUST_390
2022-07-11,14,178.39,-42.05,West,Clothing,CUST_124
2022-07-11,3,346.39,112.69,East,Furniture,CUST_386
2022-07-11,4,22.39,188.26,West,Furniture,CUST_410
2022-07-11,1,271.13,8.78,South,Clothing,CUST_245
2022-07-11,6,52.77,119.03,East,Electronics,CUST_264
2022-07-11,9,123.03,166.86,East,Electronics,CUST_402
2022-07-11,2,230.82,67.13,West,Clothing,CUST_260
2022-07-11,14,47.95,-26.81,North,Food,CUST_286
2022-07-11,14,25.95,-8.19,South,Food,CUST_9
2022-07-11,12,341.35,5.64,East,Electronics,CUST_2
2022-07-12,6,226.92,85.66,North,Furniture,CUST_168
2022-07-12,10,179.67,-20.48,South,Food,CUST_450
2022-07-12,1,186.81,-2.82,North,Electronics,CUST_17
2022-07-12,14,293.66,-45.1,North,Electronics,CUST_429
2022-07-12,6,416.65,35.5,South,Food,CUST_143
2022-07-13,10,351.15,163.94,West,Electronics,CUST_178
2022-07-13,4,374.89,-33.8,North,Food,CUST_480
2022-07-13,7,307.44,37.28,East,Furniture,CUST_300
2022-07-13,3,87.57,57.56,East,Electronics,CUST_369
2022-07-13,7,281.5,44.94,North,Food,CUST_198
2022-07-13,5,208.05,5.21,North,Food,CUST_229
2022-07-13,4,260.69,47.07,North,Electronics,CUST_419
2022-07-13,4,129.48,90.98,East,Electronics,CUST_408
2022-07-13,7,57.98,58.16,West,Electronics,CUST_437
2022-07-14,2,290.14,-15.61,East,Electronics,CUST_325
2022-07-14,6,272.17,16.19,South,Furniture,CUST_245
2022-07-14,1,215.53,-15.86,North,Electronics,CUST_425
2022-07-14,13,203.64,137.18,North,Furniture,CUST_377
2022-07-14,7,212.81,149.17,West,Food,CUST_34
2022-07-14,3,238.12,-4.76,North,Food,CUST_64
2022-07-14,13,129.25,-33.39,North,Clothing,CUST_384
2022-07-15,2,410.64,-37.45,South,Electronics,CUST_352
2022-07-15,10,149.37,193.38,South,Clothing,CUST_149
2022-07-15,6,304.97,-28.77,East,Electronics,CUST_285
2022-07-15,6,213.02,-20.81,West,Furniture,CUST_310
2022-07-16,12,343.4,192.89,South,Food,CUST_319
2022-07-16,12,200.42,27.28,South,Clothing,CUST_110
2022-07-16,8,345.4,133.24,South,Food,CUST_329
2022-07-16,8,139.85,6.05,East,Electronics,CUST_180
2022-07-17,9,49.36,-1.7,West,Furniture,CUST_273
2022-07-17,7,361.25,50.68,South,Clothing,CUST_187
2022-07-17,1,312.17,45.4,East,Clothing,CUST_95
2022-07-17,5,313.45,36.11,West,Electronics,CUST_161
2022-07-17,10,79.87,110.07,South,Clothing,CUST_296
2022-07-17,8,59.94,173.57,North,Clothing,CUST_6
2022-07-18,5,295.48,117.59,West,Clothing,CUST_325
2022-07-18,3,52.81,87.95,East,Clothing,CUST_22
2022-07-18,3,290.07,6.43,East,Furniture,CUST_318
2022-07-18,7,463.7,-23.11,North,Food,CUST_236
2022-07-18,7,29.84,34.23,West,Food,CUST_155
2022-07-19,4,249.49,103.66,South,Food,CUST_402
2022-07-20,14,282.33,131.13,North,Furniture,CUST_195
2022-07-20,7,426.83,67.39,North,Clothing,CUST_328
2022-07-20,1,297.28,0.27,North,Electronics,CUST_89
2022-07-20,5,262.52,185.62,North,Clothing,CUST_351
2022-07-20,1,210.19,24.22,West,Electronics,CUST_42
2022-07-20,8,329.52,168.01,West,Furniture,CUST_80
2022-07-20,10,147.24,-27.95,East,Furniture,CUST_117
2022-07-20,4,451.98,131.98,East,Electronics,CUST_291
2022-07-21,14,142.21,7.77,West,Furniture,CUST_7
2022-07-21,6,442.25,106.26,North,Food,CUST_197
2022-07-21,7,24.97,44.54,East,Electronics,CUST_56
2022-07-21,6,389.31,70.81,West,Clothing,CUST_51
2022-07-21,5,318.48,174.77,South,Furniture,CUST_367
2022-07-22,6,200.03,-18.1,East,Clothing,CUST_7
2022-07-22,3,189.93,177.72,West,Clothing,CUST_487
2022-07-22,4,349.09,10.83,East,Food,CUST_154
2022-07-22,9,250.18,155.66,East,Furniture,CUST_286
2022-07-22,10,252.13,135.66,West,Electronics,CUST_491
2022-07-23,6,480.06,-38.78,West,Food,CUST_79
2022-07-24,1,20.49,-38.06,East,Food,CUST_143
2022-07-24,8,169.04,160.31,South,Clothing,CUST_436
2022-07-24,2,433.81,25.91,South,Electronics,CUST_114
2022-07-25,12,28.9,195.13,West,Clothing,CUST_76
2022-07-25,6,327.4,-8.9,South,Food,CUST_405
2022-07-25,14,152.27,180.4,North,Food,CUST_328
2022-07-25,10,420.02,57.86,North,Food,CUST_48
2022-07-25,13,385.18,-9.28,South,Food,CUST_415
2022-07-25,12,357.1,196.76,West,Furniture,CUST_2
2022-07-25,14,231.37,135.36,West,Clothing,CUST_375
2022-07-26,7,172.73,42.91,South,Clothing,CUST_110
2022-07-26,14,202.06,-14.71,South,Clothing,CUST_128
2022-07-26,2,367.48,190.32,West,Electronics,CUST_180
2022-07-27,10,210.53,-27.91,East,Clothing,CUST_207
2022-07-27,10,99.28,164.15,South,Food,CUST_311
2022-07-27,7,298.1,89.62,East,Food,CUST_221
2022-07-27,7,271.03,17.81,East,Electronics,CUST_390
2022-07-27,11,464.95,159.27,West,Furniture,CUST_196
2022-07-28,13,183.59,-38.82,North,Clothing,CUST_335
2022-07-28,9,57.78,163.19,East,Electronics,CUST_407
2022-07-28,1,238.63,165.42,East,Furniture,CUST_36
2022-07-28,5,43.3,196.34,South,Furniture,CUST_257
2022-07-29,9,172.93,22.64,West,Food,CUST_345
2022-07-29,1,65.63,148.2,South,Clothing,CUST_435
2022-07-29,2,209.06,-1.11,East,Food,CUST_423
2022-07-29,6,69.06,91.55,West,Electronics,CUST_413
2022-07-29,13,450.93,106.35,South,Food,CUST_302
2022-07-29,12,94.83,13.4,South,Furniture,CUST_10
2022-07-29,10,362.25,-42.05,East,Clothing,CUST_269
2022-07-30,3,154.24,98.83,North,Food,CUST_94
2022-07-30,7,266.74,38.4,South,Food,CUST_452
2022-07-30,7,430.44,48.07,West,Clothing,CUST_74
2022-07-30,2,168.46,-33.88,South,Furniture,CUST_461
2022-07-30,4,85.35,-32.42,West,Clothing,CUST_142
2022-07-30,8,290.63,40.69,West,Food,CUST_293
2022-07-31,5,51.26,63.58,East,Furniture,CUST_65
2022-07-31,11,257.85,-41.2,West,Food,CUST_273
2022-07-31,14,65.49,41.11,South,Electronics,CUST_440
2022-07-31,10,203.04,159.77,East,Electronics,CUST_337
2022-07-31,1,358.61,170.09,South,Furniture,CUST_214
2022-08-01,8,196.63,133.21,West,Furniture,CUST_496
2022-08-01,12,229.4,-38.66,North,Furniture,CUST_81
2022-08-01,12,343.73,94.33,South,Clothing,CUST_359
2022-08-01,12,496.22,6.42,South,Electronics,CUST_215
2022-08-02,13,439.38,75.8,East,Electronics,CUST_317
2022-08-02,6,466.72,183.44,East,Electronics,CUST_352
2022-08-02,9,127.47,137.81,South,Food,CUST_212
2022-08-02,4,419.31,10.58,West,Clothing,CUST_440
2022-08-02,6,101.66,63.77,South,Clothing,CUST_145
2022-08-02,2,288.78,136.05,North,Food,CUST_216
2022-08-03,7,403.46,76.52,West,Food,CUST_186
2022-08-03,7,109.68,85.47,North,Furniture,CUST_373
2022-08-03,9,484.72,-22.97,South,Electronics,CUST_185
2022-08-03,8,402.17,48.03,North,Electronics,CUST_405
2022-08-04,13,481.23,23.16,North,Furniture,CUST_317
2022-08-04,12,146.73,79.45,West,Clothing,CUST_351
2022-08-04,7,38.45,-18.49,South,Furniture,CUST_405
2022-08-04,13,203.21,17.08,West,Clothing,CUST_351
2022-08-04,11,58.33,38.74,North,Furniture,CUST_66
2022-08-04,7,378.8,-0.58,North,Electronics,CUST_482
2022-08-04,3,152.52,149.11,North,Furniture,CUST_211
2022-08-04,2,23.74,184.71,South,Food,CUST_176
2022-08-05,13,308.22,134.78,South,Electronics,CUST_22
2022-08-05,12,35.18,104.09,East,Electronics,CUST_410
2022-08-05,14,245.03,-9.93,South,Electronics,CUST_68
2022-08-05,7,163.58,-42.85,North,Furniture,CUST_354
2022-08-05,9,490.39,-9.91,South,Food,CUST_18
2022-08-05,12,464.55,39.79,East,Food,CUST_445
2022-08-05,7,53.66,60.16,South,Food,CUST_459
2022-08-06,10,231.19,-11.14,North,Food,CUST_278
2022-08-06,7,209.5,14.49,South,Electronics,CUST_351
2022-08-06,1,266.76,3.29,West,Electronics,CUST_196
2022-08-06,6,420.95,54.69,South,Clothing,CUST_162
2022-08-06,13,221.54,-35.85,South,Furniture,CUST_339
2022-08-07,9,469.18,3.17,West,Clothing,CUST_212
2022-08-07,9,333.0,140.53,South,Food,CUST_59
2022-08-07,13,146.33,57.95,East,Electronics,CUST_468
2022-08-07,7,258.43,62.88,North,Food,CUST_347
2022-08-08,8,460.65,27.44,East,Food,CUST_147
2022-08-08,2,168.82,132.19,West,Electronics,CUST_262
2022-08-08,1,94.05,-13.37,West,Electronics,CUST_316
2022-08-08,7,341.35,74.82,North,Food,CUST_102
2022-08-08,10,375.06,91.85,North,Furniture,CUST_28
2022-08-09,5,197.27,-35.28,West,Furniture,CUST_269
2022-08-09,6,428.39,-25.06,North,Clothing,CUST_34
2022-08-09,8,297.42,71.69,East,Electronics,CUST_498
2022-08-09,4,149.8,16.37,West,Furniture,CUST_270
2022-08-10,14,275.01,149.33,South,Electronics,CUST_61
2022-08-10,13,377.39,196.72,North,Clothing,CUST_391
2022-08-11,11,481.6,28.25,South,Clothing,CUST_26
2022-08-11,5,24.83,46.74,North,Clothing,CUST_382
2022-08-12,2,24.02,42.54,West,Electronics,CUST_36
2022-08-12,3,480.1,69.52,East,Food,CUST_204
2022-08-12,1,484.75,186.8,North,Furniture,CUST_302
2022-08-12,10,253.45,141.79,East,Furniture,CUST_408
2022-08-12,1,451.94,-28.78,East,Furniture,CUST_259
2022-08-12,12,299.35,18.94,East,Electronics,CUST_101
2022-08-13,6,267.24,99.16,North,Furniture,CUST_364
2022-08-13,4,116.93,153.31,East,Furniture,CUST_165
2022-08-13,2,154.43,121.6,East,Electronics,CUST_370
2022-08-13,2,220.19,67.28,East,Food,CUST_237
2022-08-14,3,161.72,58.99,South,Food,CUST_131
2022-08-14,6,301.39,126.14,West,Clothing,CUST_274
2022-08-14,3,234.37,189.64,East,Electronics,CUST_156
2022-08-14,2,418.16,177.37,West,Furniture,CUST_139
2022-08-14,8,366.36,77.89,North,Clothing,CUST_160
2022-08-14,13,156.97,94.06,East,Furniture,CUST_230
2022-08-15,11,74.18,163.28,North,Food,CUST_296
2022-08-15,3,178.86,-11.96,West,Clothing,CUST_413
2022-08-15,9,350.0,88.27,South,Clothing,CUST_339
2022-08-15,2,180.67,88.17,West,Electronics,CUST_289
2022-08-15,14,435.74,67.08,North,Electronics,CUST_324
2022-08-15,7,172.96,-25.82,East,Food,CUST_298
2022-08-15,8,245.77,122.18,West,Food,CUST_47
2022-08-15,11,181.18,8.92,West,Furniture,CUST_229
2022-08-16,4,333.13,-29.62,East,Electronics,CUST_488
2022-08-16,8,442.52,-45.71,West,Clothing,CUST_316
2022-08-16,4,42.72,170.32,East,Electronics,CUST_193
2022-08-16,13,75.05,52.03,East,Furniture,CUST_246
2022-08-17,8,382.82,66.62,East,Furniture,CUST_393
2022-08-17,11,205.76,71.14,South,Clothing,CUST_167
2022-08-17,1,276.09,-36.24,West,Furniture,CUST_216
2022-08-17,12,105.05,143.42,North,Electronics,CUST_0
2022-08-18,10,212.96,-13.68,North,Electronics,CUST_97
2022-08-18,11,360.19,84.46,West,Furniture,CUST_214
2022-08-18,14,215.17,123.5,South,Electronics,CUST_226
2022-08-18,4,374.97,40.32,West,Electronics,CUST_345
2022-08-19,3,276.03,191.71,South,Food,CUST_468
2022-08-19,2,388.02,92.29,North,Electronics,CUST_84
2022-08-19,4,284.36,27.82,North,Electronics,CUST_22
2022-08-19,11,148.8,80.57,South,Clothing,CUST_119
2022-08-20,6,219.55,65.37,South,Electronics,CUST_422
2022-08-20,13,89.75,172.78,West,Electronics,CUST_426
2022-08-20,9,121.66,97.61,West,Food,CUST_395
2022-08-20,2,85.46,30.98,East,Food,CUST_158
2022-08-20,3,336.97,1.6,South,Electronics,CUST_364
2022-08-20,12,434.3,-37.81,West,Electronics,CUST_383
2022-08-21,10,408.86,108.32,East,Furniture,CUST_137
2022-08-21,8,149.6,123.27,North,Furniture,CUST_468
2022-08-21,3,399.57,151.32,North,Furniture,CUST_190
2022-08-21,11,396.15,138.17,South,Clothing,CUST_391
2022-08-21,14,468.76,-11.73,North,Food,CUST_188
2022-08-22,11,394.65,177.86,North,Electronics,CUST_31
2022-08-23,9,71.09,60.18,West,Food,CUST_22
2022-08-23,9,372.54,188.3,East,Food,CUST_285
2022-08-23,2,359.78,30.25,West,Electronics,CUST_443
2022-08-23,8,94.09,90.57,North,Food,CUST_491
2022-08-23,4,27.63,-32.66,South,Clothing,CUST_404
2022-08-23,4,217.05,172.17,South,Clothing,CUST_323
2022-08-24,11,345.82,188.85,West,Furniture,CUST_241
2022-08-24,8,303.86,185.39,East,Furniture,CUST_347
2022-08-24,11,296.98,129.48,South,Food,CUST_486
2022-08-24,10,378.33,154.34,North,Food,CUST_215
2022-08-24,5,458.8,80.96,South,Food,CUST_76
2022-08-24,5,195.03,-6.53,West,Electronics,CUST_262
2022-08-25,12,429.51,48.26,South,Furniture,CUST_110
2022-08-25,6,436.05,22.51,North,Food,CUST_232
2022-08-25,2,143.23,-14.98,East,Food,CUST_466
2022-08-25,5,233.51,119.91,South,Furniture,CUST_487
2022-08-25,5,67.78,175.88,South,Electronics,CUST_395
2022-08-26,13,157.08,126.26,North,Electronics,CUST_266
2022-08-26,1,138.03,45.53,North,Food,CUST_266
2022-08-26,1,55.06,142.37,East,Clothing,CUST_248
2022-08-26,3,108.11,93.19,North,Food,CUST_368
2022-08-26,8,147.44,70.57,East,Furniture,CUST_290
2022-08-26,11,48.48,-29.14,North,Electronics,CUST_483
2022-08-27,12,438.76,-2.64,East,Furniture,CUST_211
2022-08-27,9,363.86,110.46,East,Electronics,CUST_63
2022-08-27,3,385.71,36.86,North,Furniture,CUST_146
2022-08-27,12,424.14,5.0,North,Clothing,CUST_276
2022-08-27,10,304.0,-1.36,North,Electronics,CUST_435
2022-08-29,12,394.61,-9.72,South,Furniture,CUST_30
2022-08-29,4,58.44,-27.55,South,Food,CUST_202
2022-08-30,9,214.21,100.63,West,Furniture,CUST_360
2022-08-30,6,142.12,184.62,South,Furniture,CUST_360
2022-08-30,6,105.23,187.33,North,Electronics,CUST_161
2022-08-30,12,307.01,0.31,South,Clothing,CUST_394
2022-08-30,5,248.2,195.9,West,Electronics,CUST_16
2022-08-30,10,41.64,84.37,West,Electronics,CUST_39
2022-08-30,1,203.01,46.55,East,Food,CUST_344
2022-08-30,7,208.5,43.38,West,Electronics,CUST_362
2022-08-31,3,348.27,137.9,East,Furniture,CUST_213
2022-08-31,9,29.33,37.4,West,Furniture,CUST_442
2022-08-31,2,52.25,80.45,South,Electronics,CUST_202
2022-09-01,6,172.72,83.65,South,Furniture,CUST_19
2022-09-01,7,24.11,71.06,East,Electronics,CUST_372
2022-09-01,12,495.38,48.59,East,Furniture,CUST_264
2022-09-02,1,305.38,67.41,South,Furniture,CUST_119
2022-09-02,10,420.52,153.76,North,Electronics,CUST_240
2022-09-02,7,337.59,180.75,East,Electronics,CUST_126
2022-09-02,8,68.24,46.96,South,Furniture,CUST_305
2022-09-02,7,420.1,51.7,East,Food,CUST_70
2022-09-02,4,36.34,57.3,East,Food,CUST_453
2022-09-02,14,38.39,90.46,South,Electronics,CUST_438
2022-09-03,2,222.0,43.31,North,Food,CUST_127
2022-09-03,14,82.94,51.23,East,Electronics,CUST_352
2022-09-03,8,177.82,66.32,South,Food,CUST_270
2022-09-04,8,309.53,-27.11,West,Electronics,CUST_424
2022-09-04,13,131.45,73.72,West,Furniture,CUST_326
2022-09-04,4,41.88,198.66,West,Clothing,CUST_304
2022-09-04,5,166.88,14.44,East,Furniture,CUST_339
2022-09-04,14,340.08,115.01,South,Electronics,CUST_199
2022-09-04,10,441.36,102.81,North,Food,CUST_282
2022-09-04,13,48.76,86.82,South,Furniture,CUST_416
2022-09-04,6,117.81,179.31,West,Electronics,CUST_152
2022-09-05,4,316.3,90.12,South,Food,CUST_324
2022-09-05,10,348.03,19.07,West,Food,CUST_13
2022-09-05,2,225.04,1.56,North,Clothing,CUST_414
2022-09-06,1,153.46,73.04,East,Electronics,CUST_143
2022-09-06,9,194.51,35.08,South,Clothing,CUST_97
2022-09-06,14,220.55,28.83,East,Clothing,CUST_253
2022-09-07,9,410.12,135.27,North,Food,CUST_80
2022-09-07,9,93.84,14.85,South,Food,CUST_69
2022-09-07,14,177.08,-16.29,South,Electronics,CUST_147
2022-09-07,7,446.19,14.63,North,Clothing,CUST_483
2022-09-07,1,136.27,141.9,South,Furniture,CUST_20
2022-09-08,11,102.78,64.79,South,Electronics,CUST_415
2022-09-08,2,189.38,134.57,South,Food,CUST_474
2022-09-08,11,173.16,151.31,East,Furniture,CUST_386
2022-09-08,1,268.3,81.49,West,Furniture,CUST_453
2022-09-08,7,345.33,92.51,South,Clothing,CUST_167
2022-09-08,14,34.56,-42.68,South,Electronics,CUST_118
2022-09-09,4,385.9,15.28,East,Electronics,CUST_432
2022-09-10,5,348.24,158.31,North,Furniture,CUST_256
2022-09-10,6,484.75,24.42,North,Clothing,CUST_343
2022-09-10,13,292.2,-22.34,West,Furniture,CUST_111
2022-09-10,5,361.61,99.18,West,Furniture,CUST_17
2022-09-10,13,413.37,24.99,West,Electronics,CUST_200
2022-09-10,2,112.82,27.67,East,Furniture,CUST_229
2022-09-10,13,49.66,14.06,East,Clothing,CUST_64
2022-09-10,8,332.12,133.6,South,Furniture,CUST_283
2022-09-11,14,381.19,44.12,West,Food,CUST_57
2022-09-11,10,297.09,128.45,East,Clothing,CUST_444
2022-09-11,9,285.84,56.91,West,Clothing,CUST_109
2022-09-11,10,149.22,47.24,South,Food,CUST_91
2022-09-11,1,463.01,93.78,North,Electronics,CUST_203
2022-09-11,11,459.65,92.42,North,Food,CUST_311
2022-09-11,7,224.74,102.1,East,Food,CUST_190
2022-09-12,5,123.53,88.4,East,Food,CUST_474
2022-09-12,13,224.24,59.05,South,Food,CUST_63
2022-09-12,13,200.35,162.06,South,Furniture,CUST_457
2022-09-13,1,414.04,36.74,South,Clothing,CUST_488
2022-09-13,2,89.64,40.17,West,Clothing,CUST_326
2022-09-13,14,49.55,154.71,North,Clothing,CUST_24
2022-09-14,8,262.86,25.25,West,Food,CUST_196
2022-09-14,10,287.28,-35.18,North,Electronics,CUST_65
2022-09-15,4,263.46,5.67,West,Food,CUST_19
2022-09-15,1,258.05,64.84,West,Clothing,CUST_389
2022-09-15,8,169.28,-29.76,South,Clothing,CUST_194
2022-09-15,10,282.46,136.88,South,Furniture,CUST_231
2022-09-15,5,101.78,30.03,South,Electronics,CUST_368
2022-09-16,1,100.98,118.37,North,Electronics,CUST_166
2022-09-16,13,270.15,134.08,West,Clothing,CUST_257
2022-09-16,14,160.45,109.53,South,Food,CUST_248
2022-09-16,13,363.25,-16.18,North,Electronics,CUST_86
2022-09-17,10,235.64,-44.17,South,Furniture,CUST_269
2022-09-17,14,83.43,158.89,East,Food,CUST_247
2022-09-17,13,333.77,-22.27,North,Food,CUST_52
2022-09-17,10,380.0,86.38,South,Furniture,CUST_489
2022-09-18,13,161.91,33.71,South,Clothing,CUST_252
2022-09-18,6,76.83,-6.89,North,Food,CUST_379
2022-09-18,11,329.44,156.75,South,Electronics,CUST_470
2022-09-18,6,454.87,74.75,East,Furniture,CUST_474
2022-09-18,5,186.13,-36.11,West,Electronics,CUST_119
2022-09-19,1,58.22,15.79,South,Clothing,CUST_118
2022-09-19,5,145.52,147.3,West,Food,CUST_443
2022-09-19,10,193.0,135.36,North,Clothing,CUST_207
2022-09-19,6,441.14,126.36,East,Food,CUST_260
2022-09-19,12,377.28,58.49,South,Clothing,CUST_67
2022-09-19,13,60.63,140.01,North,Furniture,CUST_256
2022-09-20,2,468.44,121.3,North,Clothing,CUST_182
2022-09-20,5,320.1,84.53,West,Clothing,CUST_329
2022-09-20,5,125.6,192.74,South,Food,CUST_179
2022-09-20,8,206.99,8.8,North,Furniture,CUST_478
2022-09-21,12,141.79,154.11,South,Electronics,CUST_182
2022-09-21,4,178.07,152.31,North,Furniture,CUST_304
2022-09-22,3,467.51,80.67,South,Electronics,CUST_469
2022-09-22,13,262.72,37.53,South,Furniture,CUST_195
2022-09-22,4,223.85,-40.3,West,Furniture,CUST_423
2022-09-22,13,496.11,84.68,South,Electronics,CUST_383
2022-09-22,8,160.35,84.14,East,Food,CUST_105
2022-09-22,5,346.47,53.66,North,Furniture,CUST_291
2022-09-23,2,68.94,139.28,West,Clothing,CUST_235
2022-09-23,6,99.02,30.93,West,Clothing,CUST_131
2022-09-23,3,377.43,101.37,South,Food,CUST_362
2022-09-23,6,50.29,188.59,North,Food,CUST_281
2022-09-23,7,110.86,131.64,East,Clothing,CUST_142
2022-09-24,6,351.85,90.31,East,Food,CUST_479
2022-09-24,1,385.47,129.7,West,Electronics,CUST_396
2022-09-24,11,193.66,74.54,North,Furniture,CUST_318
2022-09-24,3,300.62,101.98,West,Electronics,CUST_126
2022-09-24,11,320.51,186.18,West,Clothing,CUST_39
2022-09-25,11,184.65,-21.77,East,Furniture,CUST_20
2022-09-25,7,370.36,25.14,West,Electronics,CUST_60
2022-09-25,7,474.82,47.58,East,Electronics,CUST_11
2022-09-25,2,65.08,158.33,South,Food,CUST_402
2022-09-25,6,173.94,113.23,East,Clothing,CUST_238
2022-09-25,3,467.95,156.78,West,Clothing,CUST_74
2022-09-26,4,174.09,183.71,South,Electronics,CUST_280
2022-09-26,6,325.49,35.95,South,Clothing,CUST_317
2022-09-26,12,221.88,106.56,North,Food,CUST_61
2022-09-27,5,381.41,40.74,South,Clothing,CUST_310
2022-09-27,5,35.87,134.59,East,Electronics,CUST_481
2022-09-27,2,357.88,131.82,North,Furniture,CUST_58
2022-09-27,2,281.24,137.44,South,Furniture,CUST_357
2022-09-27,2,53.48,-10.51,South,Clothing,CUST_361
2022-09-27,5,364.85,60.65,East,Clothing,CUST_269
2022-09-27,4,222.11,122.48,North,Electronics,CUST_127
2022-09-27,6,314.49,195.75,East,Furniture,CUST_140
2022-09-28,3,140.24,172.88,West,Electronics,CUST_421
2022-09-28,5,87.6,-11.63,North,Food,CUST_82
2022-09-28,3,293.52,85.61,West,Furniture,CUST_463
2022-09-28,9,424.39,143.33,West,Food,CUST_41
2022-09-29,13,169.59,91.7,South,Electronics,CUST_85
2022-09-29,13,405.05,38.67,West,Food,CUST_301
2022-09-29,1,362.89,162.2,North,Electronics,CUST_320
2022-09-29,11,302.39,8.16,West,Electronics,CUST_435
2022-09-29,2,296.52,11.55,North,Food,CUST_129
2022-09-30,13,178.58,24.6,South,Electronics,CUST_58
2022-09-30,6,69.15,33.03,South,Clothing,CUST_47
2022-09-30,11,486.07,125.23,North,Food,CUST_114
2022-09-30,4,143.36,100.59,South,Furniture,CUST_421
2022-09-30,2,470.3,150.71,West,Electronics,CUST_210
2022-09-30,2,192.95,5.37,East,Furniture,CUST_462
2022-09-30,9,468.23,124.74,East,Furniture,CUST_400
2022-09-30,1,467.91,81.97,West,Electronics,CUST_312
2022-09-30,12,263.47,77.55,North,Furniture,CUST_7
2022-10-01,5,473.39,197.14,South,Food,CUST_183
2022-10-01,11,489.15,107.61,North,Clothing,CUST_291
2022-10-01,3,217.51,108.93,East,Electronics,CUST_85
2022-10-01,2,367.78,-5.32,South,Electronics,CUST_496
2022-10-01,3,275.34,135.6,South,Clothing,CUST_343
2022-10-01,9,186.32,76.39,East,Electronics,CUST_442
2022-10-01,10,75.12,-35.56,South,Furniture,CUST_313
2022-10-02,1,462.88,59.32,West,Food,CUST_293
2022-10-02,4,405.29,172.95,East,Food,CUST_59
2022-10-03,3,200.83,70.2,South,Food,CUST_221
2022-10-03,4,120.24,-15.32,East,Electronics,CUST_232
2022-10-03,3,174.36,-13.24,North,Food,CUST_441
2022-10-03,4,366.35,29.61,East,Electronics,CUST_14
2022-10-03,13,463.18,101.69,East,Clothing,CUST_345
2022-10-04,12,108.63,162.65,West,Clothing,CUST_14
2022-10-04,6,402.4,112.54,East,Electronics,CUST_28
2022-10-04,5,400.67,29.66,East,Clothing,CUST_158
2022-10-04,8,123.57,182.97,West,Electronics,CUST_357
2022-10-04,4,212.11,33.23,East,Clothing,CUST_177
2022-10-04,2,239.98,8.88,North,Furniture,CUST_205
2022-10-04,12,162.42,130.75,West,Food,CUST_419
2022-10-04,4,394.52,186.7,South,Food,CUST_207
2022-10-04,6,311.47,-22.7,South,Electronics,CUST_421
2022-10-05,5,333.71,195.15,North,Clothing,CUST_267
2022-10-05,4,473.78,87.9,North,Clothing,CUST_36
2022-10-05,1,374.96,189.16,North,Clothing,CUST_390
2022-10-05,5,255.03,124.6,North,Furniture,CUST_284
2022-10-05,2,139.43,-47.77,West,Clothing,CUST_256
2022-10-05,6,220.35,169.8,South,Furniture,CUST_3
2022-10-06,7,121.85,21.94,South,Furniture,CUST_310
2022-10-06,1,37.85,135.2,East,Furniture,CUST_53
2022-10-06,14,50.66,111.21,South,Food,CUST_409
2022-10-07,9,202.4,26.32,South,Furniture,CUST_366
2022-10-07,4,496.56,54.84,East,Furniture,CUST_248
2022-10-07,1,68.52,-44.27,South,Clothing,CUST_159
2022-10-08,5,204.12,4.55,West,Clothing,CUST_175
2022-10-08,3,217.36,39.72,North,Food,CUST_255
2022-10-08,4,222.02,131.56,North,Clothing,CUST_124
2022-10-08,13,222.89,-16.72,North,Clothing,CUST_358
2022-10-09,14,305.0,70.1,East,Electronics,CUST_1
2022-10-09,12,325.1,158.2,North,Food,CUST_19
2022-10-09,12,317.18,40.81,East,Furniture,CUST_251
2022-10-09,11,235.75,-0.86,East,Furniture,CUST_440
2022-10-10,3,278.48,176.57,South,Furniture,CUST_354
2022-10-10,5,459.44,33.64,South,Clothing,CUST_218
2022-10-10,3,251.27,118.65,West,Food,CUST_373
2022-10-10,3,498.67,-40.69,West,Food,CUST_258
2022-10-10,1,148.3,-8.9,South,Electronics,CUST_144
2022-10-10,1,21.72,31.21,North,Electronics,CUST_499
2022-10-10,3,260.42,191.75,East,Electronics,CUST_397
2022-10-10,6,174.25,102.08,North,Food,CUST_445
2022-10-11,11,379.31,-12.01,South,Electronics,CUST_368
2022-10-11,10,330.84,88.85,West,Electronics,CUST_143
2022-10-11,1,372.37,60.64,South,Electronics,CUST_232
2022-10-11,1,242.64,158.16,South,Food,CUST_246
2022-10-11,13,326.31,188.15,East,Electronics,CUST_486
2022-10-12,3,138.54,-19.0,South,Clothing,CUST_411
2022-10-12,8,203.6,148.59,East,Clothing,CUST_254
2022-10-12,13,118.89,170.09,West,Furniture,CUST_388
2022-10-12,6,349.56,33.14,East,Electronics,CUST_378
2022-10-12,13,294.92,81.19,North,Electronics,CUST_375
2022-10-12,13,477.4,-46.79,North,Electronics,CUST_273
2022-10-13,12,492.4,-6.34,North,Furniture,CUST_37
2022-10-13,9,324.58,-6.77,East,Food,CUST_413
2022-10-13,7,245.26,147.51,South,Furniture,CUST_238
2022-10-13,8,168.11,150.36,North,Furniture,CUST_382
2022-10-14,6,65.86,29.35,East,Clothing,CUST_478
2022-10-14,12,36.46,41.18,East,Food,CUST_218
2022-10-14,4,347.85,-21.89,South,Electronics,CUST_315
2022-10-14,7,434.0,98.39,East,Clothing,CUST_286
2022-10-14,12,349.24,11.68,West,Electronics,CUST_122
2022-10-14,11,391.78,181.85,East,Furniture,CUST_336
2022-10-14,10,449.03,180.11,North,Clothing,CUST_169
2022-10-15,2,252.83,113.18,East,Furniture,CUST_186
2022-10-15,7,40.41,-34.7,North,Electronics,CUST_141
2022-10-15,2,80.75,-12.55,North,Electronics,CUST_297
2022-10-15,5,372.27,90.73,East,Clothing,CUST_410
2022-10-15,11,192.86,189.31,South,Clothing,CUST_152
2022-10-16,2,53.5,17.04,East,Clothing,CUST_401
2022-10-16,4,246.85,129.14,South,Clothing,CUST_388
2022-10-16,13,290.01,3.29,South,Electronics,CUST_309
2022-10-16,12,59.52,5.37,South,Food,CUST_177
2022-10-16,9,367.0,192.6,North,Furniture,CUST_183
2022-10-16,4,245.78,-38.91,North,Clothing,CUST_82
2022-10-16,14,31.41,-7.9,South,Food,CUST_317
2022-10-17,12,81.11,98.92,West,Clothing,CUST_49
2022-10-18,7,330.64,163.81,South,Electronics,CUST_120
2022-10-18,5,414.69,69.53,North,Furniture,CUST_74
2022-10-18,1,29.96,114.72,East,Clothing,CUST_416
2022-10-18,10,474.92,110.24,South,Clothing,CUST_451
2022-10-18,3,256.12,114.46,West,Clothing,CUST_43
2022-10-19,13,341.79,87.29,North,Food,CUST_45
2022-10-19,13,371.73,96.64,West,Clothing,CUST_486
2022-10-20,1,41.46,152.42,East,Food,CUST_460
2022-10-20,1,104.39,10.82,North,Food,CUST_425
2022-10-20,10,84.66,7.3,East,Clothing,CUST_141
2022-10-21,1,363.92,-14.66,North,Furniture,CUST_383
2022-10-21,7,426.39,116.55,East,Furniture,CUST_205
2022-10-21,5,477.59,135.71,West,Electronics,CUST_158
2022-10-21,3,202.25,178.9,North,Furniture,CUST_482
2022-10-21,4,365.92,31.83,East,Clothing,CUST_256
2022-10-22,13,423.88,55.76,West,Electronics,CUST_443
2022-10-22,14,124.38,150.3,West,Clothing,CUST_308
2022-10-22,6,36.31,176.39,North,Electronics,CUST_218
2022-10-22,13,96.51,-24.1,East,Clothing,CUST_237
2022-10-22,3,29.62,-12.08,West,Furniture,CUST_2
2022-10-22,6,49.07,100.83,West,Electronics,CUST_441
2022-10-23,9,235.44,155.56,East,Clothing,CUST_62
2022-10-23,7,334.48,170.65,East,Clothing,CUST_18
2022-10-23,1,92.26,-39.68,West,Food,CUST_243
2022-10-23,9,414.66,17.22,East,Food,CUST_46
2022-10-23,11,405.18,15.76,East,Furniture,CUST_281
2022-10-23,10,346.39,168.46,North,Furniture,CUST_195
2022-10-23,11,174.02,-38.78,East,Electronics,CUST_285
2022-10-24,2,138.13,196.58,East,Clothing,CUST_251
2022-10-25,11,447.49,98.72,North,Food,CUST_213
2022-10-25,4,96.02,-49.79,East,Clothing,CUST_336
2022-10-25,10,115.48,147.79,South,Electronics,CUST_134
2022-10-26,2,280.59,144.29,North,Clothing,CUST_456
2022-10-26,9,68.91,130.34,North,Furniture,CUST_102
2022-10-26,12,272.26,13.54,West,Clothing,CUST_282
2022-10-27,2,106.41,97.44,East,Furniture,CUST_103
2022-10-27,5,290.88,-5.54,East,Electronics,CUST_50
2022-10-28,14,445.58,196.57,West,Clothing,CUST_238
2022-10-28,4,271.8,-44.56,West,Electronics,CUST_248
2022-10-28,13,227.19,159.56,North,Furniture,CUST_476
2022-10-29,6,340.53,63.49,West,Furniture,CUST_482
2022-10-29,12,35.05,-14.79,South,Electronics,CUST_336
2022-10-29,5,335.65,150.36,West,Food,CUST_425
2022-10-29,6,191.18,165.84,West,Furniture,CUST_250
2022-10-29,2,439.66,27.83,North,Electronics,CUST_220
2022-10-29,1,164.33,-6.4,East,Clothing,CUST_21
2022-10-29,10,300.05,90.84,South,Clothing,CUST_184
2022-10-30,11,137.46,102.73,West,Food,CUST_341
2022-10-30,7,226.07,184.8,North,Furniture,CUST_348
2022-10-30,9,93.24,92.48,West,Food,CUST_302
2022-10-30,7,392.08,18.46,West,Food,CUST_158
2022-10-30,1,399.19,195.26,West,Electronics,CUST_38
2022-10-31,7,295.17,55.85,West,Food,CUST_90
2022-10-31,13,323.99,102.43,South,Electronics,CUST_212
2022-10-31,11,410.75,101.93,North,Electronics,CUST_258
2022-10-31,10,467.17,125.58,East,Furniture,CUST_54
2022-11-01,11,83.35,178.79,West,Food,CUST_91
2022-11-01,9,382.15,125.74,South,Clothing,CUST_446
2022-11-01,3,372.51,78.23,East,Food,CUST_72
2022-11-01,2,133.72,23.79,East,Clothing,CUST_493
2022-11-01,10,48.08,5.95,East,Electronics,CUST_361
2022-11-01,3,415.17,192.54,West,Food,CUST_296
2022-11-01,11,152.24,122.9,East,Food,CUST_490
2022-11-01,2,229.3,-37.4,South,Furniture,CUST_163
2022-11-02,7,439.56,28.5,North,Furniture,CUST_312
2022-11-02,8,81.8,144.32,South,Electronics,CUST_452
2022-11-02,1,95.7,62.79,East,Clothing,CUST_270
2022-11-02,12,436.86,37.05,East,Clothing,CUST_72
2022-11-02,10,35.03,148.73,South,Food,CUST_144
2022-11-03,2,51.88,50.92,North,Clothing,CUST_235
2022-11-03,9,55.32,38.02,East,Furniture,CUST_411
2022-11-03,7,121.06,92.41,East,Clothing,CUST_365
2022-11-03,8,466.63,85.42,South,Furniture,CUST_306
2022-11-03,13,280.77,29.35,North,Furniture,CUST_328
2022-11-04,5,35.8,58.75,West,Furniture,CUST_428
2022-11-04,1,454.93,120.17,West,Electronics,CUST_383
2022-11-04,4,365.03,-2.01,East,Electronics,CUST_25
2022-11-04,4,200.79,137.44,East,Food,CUST_324
2022-11-04,4,237.05,183.07,South,Furniture,CUST_335
2022-11-04,11,231.03,40.18,West,Food,CUST_372
2022-11-05,7,249.92,146.25,West,Food,CUST_408
2022-11-05,12,257.25,62.64,North,Food,CUST_402
2022-11-06,9,171.48,177.99,West,Furniture,CUST_444
2022-11-06,11,223.79,153.92,North,Clothing,CUST_311
2022-11-06,10,37.35,0.83,West,Electronics,CUST_207
2022-11-06,4,490.8,89.33,South,Furniture,CUST_82
2022-11-07,5,153.96,7.85,East,Clothing,CUST_220
2022-11-07,5,216.2,42.42,East,Furniture,CUST_35
2022-11-07,10,122.27,-32.71,North,Electronics,CUST_114
2022-11-07,10,486.07,124.19,South,Clothing,CUST_444
2022-11-07,6,241.0,179.39,South,Food,CUST_11
2022-11-07,2,136.77,186.12,South,Clothing,CUST_259
2022-11-08,7,415.51,-17.41,East,Food,CUST_132
2022-11-08,8,448.07,-21.93,East,Electronics,CUST_355
2022-11-08,3,268.95,-45.73,East,Clothing,CUST_415
2022-11-09,8,361.77,145.2,South,Clothing,CUST_488
2022-11-09,11,27.11,195.6,East,Clothing,CUST_434
2022-11-09,3,175.16,151.37,South,Food,CUST_227
2022-11-09,2,308.65,130.79,West,Electronics,CUST_368
2022-11-09,13,173.24,60.82,South,Food,CUST_155
2022-11-09,8,96.11,-27.55,East,Furniture,CUST_498
2022-11-09,10,159.61,161.76,South,Food,CUST_112
2022-11-10,5,443.92,169.85,East,Food,CUST_371
2022-11-10,13,258.6,107.16,East,Food,CUST_294
2022-11-10,12,444.39,92.77,South,Furniture,CUST_364
2022-11-10,10,213.17,1.32,East,Clothing,CUST_33
2022-11-10,4,136.81,38.13,North,Furniture,CUST_21
2022-11-10,11,105.98,-43.88,East,Furniture,CUST_160
2022-11-11,5,48.11,62.25,East,Furniture,CUST_6
2022-11-11,10,474.32,-12.75,West,Clothing,CUST_355
2022-11-11,7,76.81,9.86,North,Electronics,CUST_202
2022-11-12,5,25.96,2.96,North,Furniture,CUST_37
2022-11-12,11,469.18,142.02,West,Furniture,CUST_301
2022-11-13,4,110.47,99.19,West,Clothing,CUST_17
2022-11-13,2,481.93,68.84,North,Furniture,CUST_378
2022-11-13,8,380.99,-35.14,North,Food,CUST_395
2022-11-14,3,190.04,22.73,North,Clothing,CUST_125
2022-11-14,3,457.56,157.47,South,Furniture,CUST_489
2022-11-14,1,466.58,138.63,South,Clothing,CUST_261
2022-11-14,6,144.83,106.52,East,Food,CUST_137
2022-11-14,7,88.13,87.24,West,Food,CUST_205
2022-11-14,4,390.29,50.58,West,Food,CUST_465
2022-11-14,3,414.87,31.63,East,Clothing,CUST_464
2022-11-15,14,82.04,-33.56,South,Clothing,CUST_294
2022-11-16,3,73.57,-14.38,West,Electronics,CUST_245
2022-11-16,5,38.54,25.04,South,Food,CUST_384
2022-11-16,11,289.34,97.03,East,Clothing,CUST_175
2022-11-17,10,376.08,68.23,South,Electronics,CUST_256
2022-11-17,5,439.12,-2.99,East,Food,CUST_56
2022-11-17,2,319.12,176.08,North,Electronics,CUST_237
2022-11-17,5,278.2,11.09,East,Electronics,CUST_282
2022-11-17,9,111.66,93.93,West,Furniture,CUST_224
2022-11-17,13,367.03,84.08,North,Clothing,CUST_316
2022-11-17,7,467.26,105.32,East,Clothing,CUST_358
2022-11-18,6,72.45,32.74,East,Furniture,CUST_199
2022-11-18,6,448.45,59.79,South,Electronics,CUST_476
2022-11-18,12,34.91,73.15,West,Clothing,CUST_212
2022-11-19,6,81.96,149.19,East,Clothing,CUST_166
2022-11-19,13,96.98,58.35,North,Furniture,CUST_0
2022-11-20,5,308.63,-45.42,East,Furniture,CUST_139
2022-11-20,14,328.54,114.4,West,Food,CUST_352
2022-11-20,14,350.85,191.06,South,Electronics,CUST_321
2022-11-20,6,494.08,87.18,North,Electronics,CUST_1
2022-11-20,9,474.96,49.74,South,Clothing,CUST_110
2022-11-21,14,328.1,-35.35,East,Food,CUST_464
2022-11-21,9,59.29,162.07,East,Furniture,CUST_260
2022-11-21,6,343.0,51.53,West,Clothing,CUST_56
2022-11-21,1,164.19,30.83,North,Food,CUST_345
2022-11-22,9,35.16,38.73,South,Clothing,CUST_417
2022-11-22,4,330.2,8.23,West,Clothing,CUST_316
2022-11-22,6,86.37,131.86,West,Furniture,CUST_234
2022-11-23,13,420.45,-24.02,South,Food,CUST_490
2022-11-23,10,193.08,25.12,North,Furniture,CUST_78
2022-11-23,9,378.92,129.16,North,Furniture,CUST_174
2022-11-23,10,399.28,16.86,North,Food,CUST_477
2022-11-23,13,347.2,171.21,East,Electronics,CUST_136
2022-11-23,10,135.96,189.47,East,Clothing,CUST_403
2022-11-23,2,416.67,186.26,North,Furniture,CUST_23
2022-11-24,11,116.17,68.39,West,Clothing,CUST_84
2022-11-24,9,476.26,83.35,North,Electronics,CUST_195
2022-11-24,12,86.8,102.43,East,Electronics,CUST_437
2022-11-24,3,321.34,56.28,South,Food,CUST_475
2022-11-24,14,213.46,93.79,North,Furniture,CUST_354
2022-11-25,10,344.67,168.42,North,Clothing,CUST_445
2022-11-25,8,373.76,161.65,North,Food,CUST_257
2022-11-25,7,264.77,164.27,West,Food,CUST_438
2022-11-25,5,102.77,101.98,West,Electronics,CUST_308
2022-11-25,14,227.65,117.87,South,Clothing,CUST_181
2022-11-26,8,228.64,113.98,West,Furniture,CUST_455
2022-11-26,3,220.56,198.8,East,Food,CUST_323
2022-11-26,12,323.69,128.64,North,Furniture,CUST_64
2022-11-26,6,355.47,-45.84,North,Food,CUST_426
2022-11-26,6,474.45,62.03,North,Electronics,CUST_24
2022-11-27,5,327.18,184.52,West,Clothing,CUST_5
2022-11-27,1,304.69,104.08,East,Food,CUST_368
2022-11-27,6,479.51,139.18,South,Furniture,CUST_98
2022-11-27,2,281.02,52.06,West,Furniture,CUST_431
2022-11-27,4,466.09,-42.59,West,Electronics,CUST_377
2022-11-27,12,414.94,128.65,West,Furniture,CUST_166
2022-11-27,9,92.52,155.31,North,Clothing,CUST_290
2022-11-28,13,100.18,125.23,South,Food,CUST_372
2022-11-28,1,498.49,-19.69,North,Food,CUST_416
2022-11-28,3,278.9,126.88,West,Electronics,CUST_2
2022-11-29,6,159.47,58.99,West,Electronics,CUST_494
2022-11-29,3,342.06,123.02,East,Food,CUST_432
2022-11-30,6,35.58,165.03,South,Electronics,CUST_390
2022-11-30,13,166.57,84.91,North,Clothing,CUST_497
2022-11-30,9,371.51,128.15,South,Food,CUST_457
2022-11-30,2,182.46,137.18,West,Electronics,CUST_436
2022-11-30,2,313.52,88.35,West,Clothing,CUST_4
2022-11-30,1,358.61,126.67,West,Electronics,CUST_134
2022-11-30,3,431.68,91.29,West,Clothing,CUST_263
2022-12-01,5,328.36,-46.54,East,Furniture,CUST_441
2022-12-01,6,182.78,140.83,East,Food,CUST_82
2022-12-01,12,340.26,16.68,West,Food,CUST_496
2022-12-01,1,443.23,193.32,North,Clothing,CUST_253
2022-12-02,1,36.45,142.4,North,Food,CUST_367
2022-12-02,5,483.41,189.92,South,Electronics,CUST_288
2022-12-02,7,407.88,82.63,East,Clothing,CUST_62
2022-12-02,8,81.26,29.83,North,Food,CUST_105
2022-12-02,1,472.1,58.95,West,Food,CUST_347
2022-12-02,14,448.65,72.88,East,Electronics,CUST_461
2022-12-02,2,124.37,49.12,West,Furniture,CUST_212
2022-12-02,12,388.9,123.16,East,Furniture,CUST_477
2022-12-03,1,458.16,61.88,North,Food,CUST_160
2022-12-03,9,183.62,47.91,North,Furniture,CUST_152
2022-12-03,11,123.31,-17.45,West,Furniture,CUST_348
2022-12-03,3,274.36,10.24,East,Furniture,CUST_231
2022-12-04,4,404.48,125.43,South,Electronics,CUST_308
2022-12-04,3,356.34,84.94,East,Food,CUST_291
2022-12-04,5,248.51,147.69,North,Electronics,CUST_64
2022-12-04,9,171.92,96.13,West,Clothing,CUST_177
2022-12-04,11,97.57,180.67,East,Electronics,CUST_206
2022-12-04,6,265.42,74.53,South,Electronics,CUST_344
2022-12-04,1,218.7,-43.2,West,Food,CUST_209
2022-12-04,8,73.59,36.66,West,Furniture,CUST_191
2022-12-04,6,439.36,17.94,South,Clothing,CUST_362
2022-12-05,8,447.39,37.86,West,Clothing,CUST_132
2022-12-05,1,28.77,76.72,South,Food,CUST_467
2022-12-05,14,393.43,173.17,West,Clothing,CUST_67
2022-12-05,11,141.54,170.57,South,Electronics,CUST_456
2022-12-05,3,208.75,-7.87,North,Electronics,CUST_142
2022-12-06,10,437.5,131.43,West,Furniture,CUST_447
2022-12-06,1,55.46,61.03,North,Food,CUST_127
2022-12-06,9,196.19,98.62,North,Electronics,CUST_236
2022-12-06,1,81.13,38.91,West,Electronics,CUST_199
2022-12-06,8,427.84,-31.2,West,Food,CUST_78
2022-12-06,12,205.19,97.22,East,Electronics,CUST_134
2022-12-07,7,499.83,99.55,North,Clothing,CUST_463
2022-12-07,14,416.68,71.44,North,Electronics,CUST_310
2022-12-07,10,96.98,88.34,East,Clothing,CUST_99
2022-12-07,1,277.72,21.82,West,Clothing,CUST_253
2022-12-07,12,487.41,132.98,West,Furniture,CUST_354
2022-12-08,6,270.31,169.53,South,Furniture,CUST_406
2022-12-08,3,412.83,-7.85,North,Furniture,CUST_263
2022-12-08,10,97.74,26.46,East,Clothing,CUST_399
2022-12-08,14,288.9,25.89,South,Electronics,CUST_210
2022-12-08,14,362.13,128.61,East,Clothing,CUST_5
2022-12-08,11,84.91,157.98,South,Furniture,CUST_67
2022-12-09,11,278.33,64.21,East,Clothing,CUST_95
2022-12-09,12,291.2,-13.75,West,Clothing,CUST_245
2022-12-09,12,247.31,180.61,South,Clothing,CUST_95
2022-12-09,3,20.54,90.42,South,Food,CUST_404
2022-12-09,9,65.54,17.17,South,Food,CUST_415
2022-12-09,14,235.29,148.1,North,Furniture,CUST_384
2022-12-10,5,57.76,15.63,South,Clothing,CUST_10
2022-12-10,6,203.16,-38.22,East,Furniture,CUST_261
2022-12-10,9,164.17,-9.91,West,Clothing,CUST_162
2022-12-10,9,365.22,26.38,South,Clothing,CUST_199
2022-12-11,5,489.98,89.17,South,Furniture,CUST_269
2022-12-11,7,23.26,19.25,West,Furniture,CUST_42
2022-12-11,12,433.39,83.96,East,Electronics,CUST_318
2022-12-11,7,230.06,182.9,South,Furniture,CUST_301
2022-12-11,12,191.96,159.05,West,Electronics,CUST_279
2022-12-11,1,413.67,163.08,West,Clothing,CUST_4
2022-12-12,11,123.26,-47.78,West,Electronics,CUST_139
2022-12-12,12,306.06,119.83,West,Furniture,CUST_335
2022-12-12,5,403.63,174.78,North,Furniture,CUST_184
2022-12-13,14,335.11,35.63,West,Electronics,CUST_438
2022-12-13,7,240.55,51.22,North,Furniture,CUST_378
2022-12-13,4,119.69,161.22,West,Food,CUST_237
2022-12-14,5,269.23,197.85,South,Food,CUST_233
2022-12-14,2,301.58,58.12,West,Furniture,CUST_15
2022-12-14,4,210.37,35.68,North,Electronics,CUST_6
2022-12-14,6,229.21,129.7,North,Furniture,CUST_477
2022-12-14,3,89.65,76.22,West,Furniture,CUST_431
2022-12-14,12,139.29,163.63,East,Food,CUST_117
2022-12-15,11,166.27,-0.48,South,Electronics,CUST_206
2022-12-15,7,225.02,-18.0,West,Furniture,CUST_320
2022-12-15,4,314.11,94.42,East,Clothing,CUST_482
2022-12-15,12,301.93,12.41,West,Clothing,CUST_334
2022-12-16,2,389.83,119.29,West,Furniture,CUST_209
2022-12-16,12,440.06,-39.28,South,Electronics,CUST_148
2022-12-16,3,265.28,162.98,South,Clothing,CUST_135
2022-12-16,9,221.16,-7.09,East,Furniture,CUST_431
2022-12-16,10,477.28,-44.81,South,Food,CUST_127
2022-12-17,1,43.04,59.27,West,Clothing,CUST_110
2022-12-17,13,39.63,25.26,South,Food,CUST_467
2022-12-17,1,464.58,119.73,North,Furniture,CUST_457
2022-12-18,12,150.53,-12.84,East,Furniture,CUST_430
2022-12-18,5,444.94,-24.47,North,Electronics,CUST_372
2022-12-19,6,290.29,4.23,South,Clothing,CUST_284
2022-12-19,2,229.02,46.87,East,Food,CUST_191
2022-12-19,14,239.63,-20.07,West,Furniture,CUST_423
2022-12-19,13,255.51,165.63,East,Clothing,CUST_214
2022-12-20,9,198.69,48.4,South,Furniture,CUST_252
2022-12-20,9,370.98,20.26,West,Electronics,CUST_9
2022-12-20,9,379.63,8.71,North,Food,CUST_214
2022-12-21,4,109.7,33.39,West,Electronics,CUST_99
2022-12-22,10,327.61,28.81,North,Furniture,CUST_347
2022-12-22,5,159.34,-4.69,South,Furniture,CUST_235
2022-12-22,10,378.43,106.44,West,Furniture,CUST_120
2022-12-22,12,264.01,67.81,East,Electronics,CUST_322
2022-12-22,5,489.89,14.16,West,Clothing,CUST_220
2022-12-23,10,214.53,114.01,South,Furniture,CUST_279
2022-12-23,12,451.43,6.11,West,Electronics,CUST_356
2022-12-23,2,187.07,149.88,North,Furniture,CUST_441
2022-12-24,11,270.53,194.49,East,Electronics,CUST_1
2022-12-24,9,243.83,95.16,South,Electronics,CUST_207
2022-12-24,9,122.48,82.92,East,Food,CUST_15
2022-12-25,4,353.62,-18.55,West,Food,CUST_480
2022-12-25,2,407.31,161.24,West,Electronics,CUST_105
2022-12-26,11,219.87,17.85,South,Electronics,CUST_240
2022-12-26,5,83.52,145.93,North,Clothing,CUST_39
2022-12-26,2,181.48,170.19,South,Electronics,CUST_436
2022-12-26,1,52.75,113.8,North,Food,CUST_18
2022-12-26,5,191.31,120.02,South,Furniture,CUST_122
2022-12-26,2,71.93,147.34,West,Furniture,CUST_243
2022-12-27,2,459.08,197.95,South,Food,CUST_252
2022-12-27,6,467.28,22.24,South,Food,CUST_412
2022-12-27,13,475.8,31.39,North,Furniture,CUST_48
2022-12-27,4,498.82,-0.82,South,Electronics,CUST_194
2022-12-28,5,404.25,104.79,South,Electronics,CUST_14
2022-12-28,4,164.88,-7.21,East,Clothing,CUST_392
2022-12-28,13,367.81,33.45,West,Electronics,CUST_446
2022-12-28,4,305.02,158.85,North,Clothing,CUST_458
2022-12-29,11,49.34,9.41,South,Food,CUST_346
2022-12-29,8,101.73,60.94,South,Electronics,CUST_337
2022-12-29,9,308.89,13.34,South,Electronics,CUST_317
2022-12-29,1,165.85,180.39,North,Furniture,CUST_96
2022-12-29,1,194.42,135.7,West,Electronics,CUST_218
2022-12-29,3,289.69,169.55,East,Furniture,CUST_421
2022-12-29,6,499.68,76.65,West,Clothing,CUST_65
2022-12-29,3,419.49,3.31,West,Clothing,CUST_22
2022-12-29,7,391.35,-34.61,West,Electronics,CUST_175
2022-12-29,1,53.23,124.49,North,Food,CUST_233
2022-12-30,10,445.16,-7.63,West,Clothing,CUST_303
2022-12-30,12,163.8,-34.66,North,Furniture,CUST_236
2022-12-30,2,45.27,-31.49,West,Furniture,CUST_105
2022-12-30,1,160.39,51.73,South,Food,CUST_229
2022-12-30,1,466.37,96.12,West,Electronics,CUST_97
2022-12-30,1,224.16,26.46,South,Furniture,CUST_88
2022-12-31,2,82.56,71.58,South,Clothing,CUST_108
2022-12-31,8,209.5,-32.27,North,Furniture,CUST_154
2022-12-31,13,209.11,-7.23,East,Food,CUST_166
2022-12-31,3,404.17,57.25,South,Clothing,CUST_93
2022-12-31,2,182.21,119.34,East,Clothing,CUST_245
2022-12-31,9,442.33,71.22,West,Furniture,CUST_40
2023-01-01,1,32.6,81.99,South,Food,CUST_220
2023-01-01,4,56.67,45.74,East,Food,CUST_450
2023-01-01,4,273.02,9.63,South,Food,CUST_163
2023-01-01,12,199.92,134.94,East,Food,CUST_492
2023-01-01,2,157.82,40.22,East,Furniture,CUST_272
2023-01-01,13,352.1,-14.91,West,Furniture,CUST_93
2023-01-01,11,202.22,184.5,East,Furniture,CUST_423
2023-01-01,8,258.74,-48.08,West,Food,CUST_58
2023-01-02,3,462.16,123.48,North,Furniture,CUST_173
2023-01-02,5,387.23,1.67,North,Clothing,CUST_497
2023-01-02,13,296.73,155.25,North,Electronics,CUST_221
2023-01-02,5,199.88,138.89,South,Electronics,CUST_446
2023-01-02,4,408.02,111.8,East,Clothing,CUST_263
2023-01-03,9,36.48,164.08,West,Clothing,CUST_174
2023-01-03,10,330.29,140.83,West,Furniture,CUST_473
2023-01-03,9,239.76,72.94,West,Electronics,CUST_177
2023-01-03,10,262.9,8.15,East,Furniture,CUST_435
2023-01-04,14,31.18,59.27,West,Food,CUST_275
2023-01-04,11,324.72,-37.74,South,Food,CUST_128
2023-01-04,8,132.54,48.43,West,Furniture,CUST_81
2023-01-05,1,449.37,-40.25,South,Clothing,CUST_450
2023-01-05,12,24.37,-5.99,South,Food,CUST_442
2023-01-05,4,305.06,-27.24,West,Food,CUST_260
2023-01-05,11,420.37,131.24,East,Clothing,CUST_318
2023-01-06,3,359.58,123.6,West,Food,CUST_55
2023-01-06,6,147.63,24.71,East,Food,CUST_363
2023-01-06,8,268.45,189.0,East,Clothing,CUST_121
2023-01-06,4,319.11,-6.73,East,Food,CUST_164
2023-01-07,8,81.94,-46.43,South,Food,CUST_91
2023-01-07,11,43.99,91.37,East,Clothing,CUST_401
2023-01-07,6,115.57,-49.5,North,Clothing,CUST_410
2023-01-08,5,310.56,-39.94,West,Electronics,CUST_4
2023-01-08,6,325.73,113.2,West,Electronics,CUST_117
2023-01-08,1,51.15,-6.09,South,Electronics,CUST_361
2023-01-09,4,73.57,108.63,East,Clothing,CUST_186
2023-01-09,3,189.11,44.47,North,Electronics,CUST_33
2023-01-09,3,290.78,111.44,North,Furniture,CUST_69
2023-01-09,14,166.04,-5.06,South,Furniture,CUST_454
2023-01-10,1,413.84,-33.55,East,Electronics,CUST_459
2023-01-10,12,44.01,22.25,South,Food,CUST_28
2023-01-10,12,211.14,73.92,South,Food,CUST_31
2023-01-10,3,112.87,118.28,South,Electronics,CUST_210
2023-01-10,4,467.08,141.8,East,Furniture,CUST_158
2023-01-10,10,175.25,26.25,South,Clothing,CUST_183
2023-01-10,5,212.73,-16.29,North,Clothing,CUST_177
2023-01-11,11,427.71,23.89,East,Furniture,CUST_231
2023-01-11,14,26.85,92.96,West,Clothing,CUST_138
2023-01-11,8,436.06,-47.75,North,Electronics,CUST_320
2023-01-11,12,28.79,67.98,South,Food,CUST_477
2023-01-11,12,471.8,191.32,North,Clothing,CUST_213
2023-01-11,9,292.42,81.89,West,Furniture,CUST_146
2023-01-11,4,147.79,178.05,South,Food,CUST_264
2023-01-12,13,354.29,117.44,South,Food,CUST_130
2023-01-12,14,186.3,52.12,West,Electronics,CUST_47
2023-01-12,9,475.01,-44.39,North,Electronics,CUST_270
2023-01-13,12,479.15,61.48,East,Clothing,CUST_323
2023-01-13,4,224.24,182.83,West,Clothing,CUST_89
2023-01-13,6,189.72,-33.26,East,Electronics,CUST_146
2023-01-13,14,268.9,195.42,North,Electronics,CUST_358
2023-01-13,8,400.64,45.84,West,Clothing,CUST_446
2023-01-13,10,94.97,177.32,North,Furniture,CUST_287
2023-01-14,5,479.0,30.61,East,Furniture,CUST_83
2023-01-14,14,191.07,134.73,North,Clothing,CUST_393
2023-01-14,7,413.37,154.98,West,Electronics,CUST_233
2023-01-14,9,367.62,182.58,North,Electronics,CUST_265
2023-01-15,2,260.11,77.38,East,Clothing,CUST_71
2023-01-15,11,499.47,118.44,South,Furniture,CUST_374
2023-01-15,12,354.03,-27.71,East,Electronics,CUST_222
2023-01-16,6,93.64,-1.75,South,Electronics,CUST_277
2023-01-16,6,165.24,-37.6,East,Electronics,CUST_291
2023-01-16,14,319.81,64.95,North,Furniture,CUST_208
2023-01-16,2,223.49,54.25,North,Electronics,CUST_27
2023-01-16,7,225.75,162.14,East,Food,CUST_294
2023-01-16,12,150.25,95.66,South,Furniture,CUST_465
2023-01-16,6,275.78,140.54,South,Food,CUST_94
2023-01-16,6,308.32,143.22,North,Clothing,CUST_486
2023-01-17,2,421.92,-17.37,South,Electronics,CUST_320
2023-01-17,14,446.6,40.37,South,Food,CUST_467
2023-01-18,5,323.15,14.06,West,Furniture,CUST_406
2023-01-18,11,174.7,107.79,North,Electronics,CUST_209
2023-01-18,10,388.25,151.25,North,Food,CUST_387
2023-01-18,14,35.26,72.65,North,Electronics,CUST_258
2023-01-18,8,479.61,187.93,West,Furniture,CUST_340
2023-01-18,12,90.38,114.77,South,Furniture,CUST_96
2023-01-18,2,102.22,34.38,East,Food,CUST_66
2023-01-18,9,466.12,38.45,North,Electronics,CUST_101
2023-01-18,6,110.19,-33.63,South,Clothing,CUST_135
2023-01-19,14,228.42,123.56,North,Furniture,CUST_66
2023-01-19,8,331.77,43.64,South,Electronics,CUST_293
2023-01-19,3,347.67,20.31,South,Furniture,CUST_166
2023-01-19,9,65.45,150.9,East,Electronics,CUST_478
2023-01-19,6,397.1,59.46,West,Clothing,CUST_60
2023-01-19,2,347.3,51.92,South,Food,CUST_82
2023-01-19,7,139.6,85.64,East,Clothing,CUST_24
2023-01-19,14,274.51,136.89,West,Electronics,CUST_350
2023-01-19,1,326.79,169.55,North,Furniture,CUST_380
2023-01-20,10,332.15,-6.66,North,Electronics,CUST_39
2023-01-20,10,258.39,135.12,East,Food,CUST_45
2023-01-20,12,374.69,34.23,North,Food,CUST_149
2023-01-21,3,477.98,129.48,West,Clothing,CUST_46
2023-01-21,14,293.59,27.41,South,Electronics,CUST_252
2023-01-21,6,100.3,196.66,North,Food,CUST_375
2023-01-21,13,263.77,38.47,East,Clothing,CUST_337
2023-01-21,7,195.8,108.36,West,Food,CUST_350
2023-01-21,14,495.72,105.73,North,Electronics,CUST_445
2023-01-21,4,48.43,194.42,East,Food,CUST_12
2023-01-22,9,411.98,-9.35,East,Clothing,CUST_17
2023-01-22,3,98.51,85.2,West,Electronics,CUST_476
2023-01-22,13,89.93,-35.97,South,Electronics,CUST_425
2023-01-22,6,111.38,90.5,South,Clothing,CUST_255
2023-01-22,10,75.87,13.99,East,Clothing,CUST_335
2023-01-22,9,357.59,132.81,West,Food,CUST_297
2023-01-22,3,299.26,44.13,West,Food,CUST_394
2023-01-22,9,21.7,169.32,North,Electronics,CUST_204
2023-01-22,2,405.42,81.54,West,Furniture,CUST_319
2023-01-22,8,406.18,5.27,East,Electronics,CUST_331
2023-01-23,9,22.92,71.54,South,Furniture,CUST_75
2023-01-23,6,393.79,127.47,East,Clothing,CUST_341
2023-01-23,9,348.51,148.5,South,Electronics,CUST_280
2023-01-23,9,79.96,109.61,West,Clothing,CUST_35
2023-01-24,10,282.28,186.09,North,Clothing,CUST_77
2023-01-24,2,362.82,94.07,North,Electronics,CUST_135
2023-01-25,6,318.24,-45.57,East,Electronics,CUST_405
2023-01-25,6,193.87,82.96,South,Food,CUST_307
2023-01-25,13,126.28,81.68,North,Electronics,CUST_259
2023-01-25,14,153.22,21.04,North,Electronics,CUST_145
2023-01-25,4,285.71,111.49,West,Furniture,CUST_69
2023-01-25,7,141.23,56.35,South,Electronics,CUST_308
2023-01-25,13,424.13,171.35,East,Electronics,CUST_22
2023-01-25,7,27.07,185.43,West,Clothing,CUST_73
2023-01-26,9,339.1,29.03,South,Electronics,CUST_81
2023-01-26,3,297.33,22.59,East,Clothing,CUST_64
2023-01-26,4,353.15,-5.78,South,Electronics,CUST_99
2023-01-26,2,350.95,-34.8,West,Furniture,CUST_184
2023-01-26,13,320.17,-22.68,South,Clothing,CUST_26
2023-01-26,2,188.44,169.8,South,Electronics,CUST_298
2023-01-26,10,355.27,155.69,East,Electronics,CUST_206
2023-01-27,9,232.14,-42.46,South,Electronics,CUST_81
2023-01-27,4,263.67,-49.3,West,Clothing,CUST_443
2023-01-27,10,357.49,-46.43,West,Food,CUST_80
2023-01-27,5,469.32,156.59,West,Food,CUST_326
2023-01-28,7,446.11,-37.94,South,Electronics,CUST_109
2023-01-28,9,241.24,43.61,North,Electronics,CUST_388
2023-01-28,4,208.37,-10.24,South,Food,CUST_343
2023-01-28,13,175.85,102.36,North,Electronics,CUST_286
2023-01-28,13,420.5,105.36,South,Food,CUST_384
2023-01-30,3,400.6,11.47,North,Furniture,CUST_51
2023-01-30,3,351.03,192.6,East,Food,CUST_370
2023-01-30,5,485.24,76.45,South,Electronics,CUST_128
2023-01-30,2,219.85,110.54,South,Food,CUST_339
2023-01-30,8,287.25,42.43,North,Food,CUST_52
2023-01-31,7,323.81,31.37,South,Electronics,CUST_338
2023-01-31,2,417.41,104.48,East,Clothing,CUST_54
2023-01-31,7,77.97,107.16,South,Food,CUST_431
2023-01-31,14,339.54,16.61,South,Electronics,CUST_420
2023-01-31,8,488.72,-14.8,North,Furniture,CUST_469
2023-01-31,7,156.39,-30.74,South,Food,CUST_392
2023-02-01,1,180.84,-8.23,West,Food,CUST_60
2023-02-01,12,368.8,194.37,North,Food,CUST_416
2023-02-01,4,251.24,122.13,West,Food,CUST_475
2023-02-01,1,244.07,187.95,North,Electronics,CUST_304
2023-02-01,2,50.91,-4.93,North,Furniture,CUST_290
2023-02-01,3,110.05,183.92,West,Electronics,CUST_383
2023-02-01,2,219.96,186.22,North,Clothing,CUST_379
2023-02-02,12,385.12,122.45,North,Food,CUST_440
2023-02-02,12,463.82,-46.72,South,Food,CUST_377
2023-02-02,7,77.79,31.03,South,Clothing,CUST_102
2023-02-02,2,397.33,13.7,South,Electronics,CUST_333
2023-02-02,11,390.76,131.06,West,Furniture,CUST_106
2023-02-02,4,187.08,115.76,East,Electronics,CUST_243
2023-02-02,9,254.78,75.7,East,Food,CUST_214
2023-02-02,12,83.13,117.28,North,Clothing,CUST_48
2023-02-03,9,230.22,46.51,East,Clothing,CUST_146
2023-02-03,14,145.07,145.77,East,Food,CUST_144
2023-02-03,8,302.78,-41.3,West,Furniture,CUST_425
2023-02-03,11,382.03,-13.89,East,Clothing,CUST_106
2023-02-03,13,209.79,37.15,South,Food,CUST_98
2023-02-03,14,365.12,-3.37,West,Furniture,CUST_276
2023-02-04,8,417.14,63.8,North,Clothing,CUST_330
2023-02-04,7,89.62,18.81,South,Furniture,CUST_284
2023-02-04,1,245.61,94.65,South,Electronics,CUST_241
2023-02-05,4,337.45,99.62,West,Clothing,CUST_216
2023-02-05,4,42.58,8.19,South,Electronics,CUST_78
2023-02-05,2,438.46,107.57,North,Furniture,CUST_264
2023-02-05,3,324.33,96.21,West,Furniture,CUST_30
2023-02-05,12,485.24,149.34,East,Furniture,CUST_94
2023-02-05,12,275.69,39.29,North,Electronics,CUST_156
2023-02-05,12,149.81,147.5,West,Clothing,CUST_353
2023-02-05,10,263.06,-49.64,East,Clothing,CUST_276
2023-02-05,7,49.24,139.18,South,Clothing,CUST_80
2023-02-06,8,383.59,138.25,South,Clothing,CUST_398
2023-02-06,8,499.86,-42.97,East,Electronics,CUST_53
2023-02-06,9,429.93,119.95,East,Electronics,CUST_280
2023-02-06,5,468.35,126.97,South,Furniture,CUST_45
2023-02-06,12,106.57,36.04,North,Electronics,CUST_94
2023-02-07,9,181.6,115.96,South,Electronics,CUST_219
2023-02-07,4,395.34,33.87,North,Electronics,CUST_171
2023-02-07,13,91.21,35.56,West,Food,CUST_20
2023-02-08,9,216.88,190.92,South,Food,CUST_492
2023-02-08,7,368.76,2.35,West,Furniture,CUST_429
2023-02-08,12,339.26,87.58,West,Electronics,CUST_197
2023-02-08,13,483.27,156.46,West,Food,CUST_189
2023-02-08,5,329.98,43.67,North,Furniture,CUST_459
2023-02-09,1,401.94,158.9,West,Electronics,CUST_87
2023-02-09,8,333.32,36.84,East,Electronics,CUST_50
2023-02-09,6,89.2,60.22,South,Electronics,CUST_46
2023-02-09,9,463.37,139.26,West,Electronics,CUST_26
2023-02-09,12,228.41,-8.61,West,Electronics,CUST_351
2023-02-09,6,148.8,-21.59,West,Furniture,CUST_79
2023-02-09,13,327.04,113.78,East,Electronics,CUST_293
2023-02-09,3,44.86,41.39,West,Food,CUST_42
2023-02-09,1,163.58,-10.76,North,Food,CUST_189
2023-02-10,5,196.54,48.06,West,Electronics,CUST_240
2023-02-10,6,376.6,138.55,East,Clothing,CUST_261
2023-02-10,9,297.77,196.57,West,Food,CUST_321
2023-02-10,6,33.6,-0.96,South,Food,CUST_170
2023-02-10,1,309.86,11.18,South,Electronics,CUST_425
2023-02-10,1,246.62,148.57,South,Electronics,CUST_36
2023-02-10,12,335.92,59.75,South,Clothing,CUST_75
2023-02-11,3,308.01,-22.1,East,Food,CUST_348
2023-02-11,14,347.88,96.11,East,Electronics,CUST_109
2023-02-11,10,427.99,76.82,South,Food,CUST_95
2023-02-11,1,298.31,43.38,North,Clothing,CUST_102
2023-02-11,8,188.03,51.66,North,Clothing,CUST_143
2023-02-11,12,436.88,84.9,South,Furniture,CUST_69
2023-02-12,13,170.09,172.84,North,Clothing,CUST_275
2023-02-12,11,495.75,171.47,East,Clothing,CUST_223
2023-02-12,2,436.62,64.69,West,Food,CUST_417
2023-02-12,8,100.82,180.29,West,Furniture,CUST_242
2023-02-13,4,395.4,23.29,South,Furniture,CUST_342
2023-02-14,11,106.52,110.67,North,Furniture,CUST_355
2023-02-14,10,307.66,137.63,South,Electronics,CUST_321
2023-02-14,12,119.25,89.9,South,Furniture,CUST_393
2023-02-14,9,497.46,-21.67,South,Furniture,CUST_202
2023-02-15,2,112.94,120.96,West,Clothing,CUST_468
2023-02-16,10,461.07,147.97,East,Electronics,CUST_381
2023-02-16,14,99.68,194.81,East,Electronics,CUST_0
2023-02-16,10,169.36,80.56,West,Electronics,CUST_239
2023-02-16,8,414.63,104.55,West,Food,CUST_420
2023-02-17,13,286.25,167.59,West,Clothing,CUST_10
2023-02-17,12,370.66,145.57,East,Electronics,CUST_115
2023-02-17,4,321.2,194.74,West,Furniture,CUST_395
2023-02-17,9,376.92,167.57,East,Furniture,CUST_232
2023-02-18,3,361.79,158.73,East,Clothing,CUST_244
2023-02-18,5,93.93,87.57,North,Furniture,CUST_137
2023-02-18,3,492.41,112.94,West,Electronics,CUST_117
2023-02-18,13,328.42,7.78,South,Clothing,CUST_249
2023-02-18,6,496.95,3.08,South,Clothing,CUST_202
2023-02-18,12,103.14,58.33,South,Electronics,CUST_384
2023-02-18,6,43.31,113.67,South,Clothing,CUST_470
2023-02-19,11,134.69,61.59,North,Furniture,CUST_414
2023-02-19,9,204.81,183.63,South,Electronics,CUST_296
2023-02-19,7,387.2,169.55,West,Clothing,CUST_62
2023-02-20,5,87.97,-43.52,West,Furniture,CUST_456
2023-02-20,10,137.09,-39.92,South,Electronics,CUST_108
2023-02-20,2,449.1,77.4,East,Clothing,CUST_401
2023-02-20,10,464.77,123.36,West,Electronics,CUST_154
2023-02-20,5,277.71,-36.83,West,Clothing,CUST_405
2023-02-20,4,411.96,-11.35,West,Furniture,CUST_455
2023-02-21,11,48.32,140.51,North,Clothing,CUST_382
2023-02-22,6,458.49,157.26,East,Electronics,CUST_391
2023-02-22,4,342.53,72.51,South,Food,CUST_377
2023-02-23,10,373.8,64.15,East,Clothing,CUST_90
2023-02-23,10,301.03,-1.87,West,Electronics,CUST_89
2023-02-23,11,199.34,118.49,East,Electronics,CUST_172
2023-02-23,11,207.09,-2.59,East,Electronics,CUST_170
2023-02-23,12,159.91,175.98,South,Food,CUST_81
2023-02-23,9,152.55,116.56,South,Furniture,CUST_211
2023-02-23,9,108.44,120.55,North,Electronics,CUST_21
2023-02-24,5,336.5,192.44,South,Furniture,CUST_438
2023-02-24,13,305.7,96.6,West,Furniture,CUST_497
2023-02-24,4,443.83,-20.5,South,Furniture,CUST_70
2023-02-24,4,41.01,30.5,North,Furniture,CUST_29
2023-02-24,13,242.75,-41.28,East,Food,CUST_321
2023-02-24,10,147.49,161.91,South,Food,CUST_303
2023-02-24,2,197.67,160.5,South,Food,CUST_337
2023-02-24,3,232.99,77.02,West,Food,CUST_147
2023-02-24,4,258.34,187.61,North,Food,CUST_358
2023-02-25,8,137.41,-12.25,North,Food,CUST_471
2023-02-25,13,306.39,-33.06,East,Furniture,CUST_42
2023-02-25,8,70.15,181.54,North,Electronics,CUST_46
2023-02-25,6,274.95,129.74,East,Food,CUST_464
2023-02-25,13,162.82,87.12,North,Electronics,CUST_4
2023-02-25,5,428.5,137.71,West,Clothing,CUST_53
2023-02-25,6,430.55,152.65,West,Clothing,CUST_342
2023-02-26,14,256.91,78.56,South,Electronics,CUST_416
2023-02-26,10,323.19,42.04,West,Furniture,CUST_324
2023-02-26,10,400.72,78.69,East,Clothing,CUST_21
2023-02-26,12,253.77,68.4,West,Clothing,CUST_87
2023-02-26,1,191.59,189.48,South,Food,CUST_222
2023-02-26,1,36.66,141.4,West,Electronics,CUST_284
2023-02-26,8,449.17,129.57,North,Clothing,CUST_339
2023-02-26,6,456.28,65.9,North,Furniture,CUST_296
2023-02-27,8,196.65,123.38,West,Furniture,CUST_129
2023-02-27,7,87.76,9.43,South,Electronics,CUST_183
2023-02-27,1,103.61,195.25,North,Electronics,CUST_304
2023-02-28,14,332.71,162.42,West,Electronics,CUST_359
2023-02-28,7,147.09,-35.06,West,Electronics,CUST_404
2023-03-01,13,478.81,171.36,West,Electronics,CUST_462
2023-03-01,10,106.35,46.86,South,Electronics,CUST_195
2023-03-01,8,241.65,186.46,West,Electronics,CUST_168
2023-03-01,13,376.94,197.44,West,Clothing,CUST_389
2023-03-01,7,155.47,106.82,West,Clothing,CUST_377
2023-03-01,3,114.89,16.13,West,Food,CUST_41
2023-03-01,4,261.34,104.8,East,Food,CUST_202
2023-03-01,11,275.42,177.95,South,Furniture,CUST_199
2023-03-02,9,345.85,170.82,West,Clothing,CUST_4
2023-03-02,5,309.21,108.78,South,Food,CUST_231
2023-03-03,7,314.78,57.47,North,Clothing,CUST_471
2023-03-03,14,415.21,3.28,North,Furniture,CUST_36
2023-03-03,5,120.02,-0.22,North,Furniture,CUST_159
2023-03-03,2,482.47,157.28,North,Food,CUST_99
2023-03-03,2,211.04,58.58,West,Food,CUST_21
2023-03-03,13,486.16,5.61,North,Furniture,CUST_36
2023-03-04,10,29.91,-18.57,North,Food,CUST_377
2023-03-04,1,232.98,179.37,South,Clothing,CUST_267
2023-03-04,14,289.26,106.16,West,Food,CUST_152
2023-03-04,8,45.91,179.82,East,Clothing,CUST_202
2023-03-05,1,140.96,93.25,West,Furniture,CUST_55
2023-03-05,7,44.96,111.09,East,Electronics,CUST_161
2023-03-05,6,40.39,4.52,West,Electronics,CUST_470
2023-03-05,14,323.68,125.77,East,Electronics,CUST_170
2023-03-05,14,226.74,-15.73,North,Furniture,CUST_494
2023-03-05,6,473.33,-27.77,East,Furniture,CUST_266
2023-03-05,9,387.04,-29.13,North,Food,CUST_107
2023-03-05,6,399.15,180.46,West,Clothing,CUST_412
2023-03-05,4,105.71,93.15,East,Electronics,CUST_108
2023-03-06,4,92.65,75.46,East,Food,CUST_174
2023-03-06,11,223.08,-25.33,East,Furniture,CUST_313
2023-03-07,11,355.62,87.93,West,Food,CUST_492
2023-03-07,11,54.27,9.32,West,Clothing,CUST_210
2023-03-07,7,479.83,25.59,West,Furniture,CUST_289
2023-03-07,9,351.52,44.62,North,Furniture,CUST_85
2023-03-08,7,369.36,45.54,West,Furniture,CUST_401
2023-03-08,12,92.44,12.46,East,Clothing,CUST_142
2023-03-08,4,145.09,-11.02,East,Clothing,CUST_92
2023-03-08,1,252.86,171.69,West,Clothing,CUST_353
2023-03-08,10,293.17,-38.15,West,Clothing,CUST_82
2023-03-09,1,295.63,180.38,North,Furniture,CUST_104
2023-03-09,6,395.38,-26.6,North,Food,CUST_50
2023-03-10,13,372.17,87.94,East,Electronics,CUST_83
2023-03-10,10,294.97,-15.17,West,Clothing,CUST_176
2023-03-10,6,110.56,153.27,North,Electronics,CUST_388
2023-03-10,9,57.46,70.89,West,Electronics,CUST_468
2023-03-11,3,163.13,155.05,East,Food,CUST_87
2023-03-11,9,435.28,46.15,East,Electronics,CUST_395
2023-03-11,4,282.68,135.65,West,Electronics,CUST_233
2023-03-11,6,275.28,189.15,East,Furniture,CUST_196
2023-03-11,12,21.81,161.04,South,Food,CUST_406
2023-03-11,4,361.85,114.19,West,Clothing,CUST_477
2023-03-11,3,415.03,61.7,North,Food,CUST_463
2023-03-11,9,182.49,87.81,North,Food,CUST_95
2023-03-11,4,328.65,52.65,East,Clothing,CUST_112
2023-03-12,11,203.74,8.18,North,Food,CUST_424
2023-03-12,12,362.46,130.38,East,Food,CUST_498
2023-03-12,10,449.23,132.93,North,Furniture,CUST_405
2023-03-12,3,426.84,18.31,West,Furniture,CUST_98
2023-03-13,3,220.64,67.76,East,Furniture,CUST_226
2023-03-14,1,148.57,89.71,South,Furniture,CUST_417
2023-03-14,6,459.17,60.93,North,Furniture,CUST_71
2023-03-14,2,389.8,102.79,East,Furniture,CUST_90
2023-03-14,1,93.04,-24.0,South,Food,CUST_228
2023-03-15,9,272.41,152.28,East,Furniture,CUST_201
2023-03-15,11,399.04,198.67,North,Food,CUST_195
2023-03-15,8,314.26,130.71,East,Clothing,CUST_465
2023-03-16,3,144.2,33.67,North,Furniture,CUST_460
2023-03-16,2,199.4,110.22,South,Clothing,CUST_378
2023-03-16,2,361.74,-44.27,South,Electronics,CUST_43
2023-03-17,1,455.31,180.18,North,Clothing,CUST_277
2023-03-17,9,296.36,74.69,West,Food,CUST_295
2023-03-17,9,156.74,156.66,West,Furniture,CUST_447
2023-03-17,3,230.68,177.29,West,Clothing,CUST_176
2023-03-18,14,60.25,-41.41,East,Food,CUST_429
2023-03-18,10,143.02,176.53,West,Clothing,CUST_336
2023-03-18,7,279.76,134.0,North,Clothing,CUST_491
2023-03-18,2,109.78,196.42,East,Furniture,CUST_228
2023-03-18,2,492.78,133.75,North,Electronics,CUST_140
2023-03-18,6,483.45,65.0,North,Furniture,CUST_67
2023-03-18,4,158.15,27.34,West,Electronics,CUST_457
2023-03-18,6,333.81,193.23,West,Food,CUST_361
2023-03-19,9,483.73,-6.06,North,Food,CUST_14
2023-03-19,11,217.55,102.47,West,Electronics,CUST_165
2023-03-19,12,324.38,184.05,North,Furniture,CUST_88
2023-03-19,4,426.08,-46.64,West,Food,CUST_62
2023-03-19,3,266.48,43.03,West,Clothing,CUST_436
2023-03-19,1,33.73,114.52,West,Clothing,CUST_282
2023-03-20,10,254.26,-22.7,North,Clothing,CUST_301
2023-03-20,7,76.96,8.79,North,Food,CUST_294
2023-03-20,9,150.95,110.0,East,Furniture,CUST_335
2023-03-20,6,138.33,191.92,North,Clothing,CUST_212
2023-03-20,7,280.9,140.66,West,Clothing,CUST_150
2023-03-21,6,122.6,51.05,East,Food,CUST_421
2023-03-21,7,296.13,-5.56,North,Food,CUST_421
2023-03-21,2,227.96,36.6,West,Clothing,CUST_484
2023-03-21,14,345.01,37.47,East,Clothing,CUST_133
2023-03-21,8,120.01,1.02,South,Electronics,CUST_167
2023-03-21,10,399.77,21.46,West,Furniture,CUST_316
2023-03-21,6,145.29,-6.15,South,Electronics,CUST_461
2023-03-22,4,172.34,150.75,North,Food,CUST_439
2023-03-22,8,149.72,166.76,East,Furniture,CUST_223
2023-03-22,1,394.48,187.88,North,Furniture,CUST_480
2023-03-22,8,325.51,75.58,North,Electronics,CUST_422
2023-03-23,9,272.37,161.69,West,Clothing,CUST_151
2023-03-23,8,442.35,35.07,South,Food,CUST_438
2023-03-23,6,429.67,118.41,East,Clothing,CUST_225
2023-03-23,9,399.78,-42.67,West,Electronics,CUST_147
2023-03-23,11,43.9,192.24,North,Food,CUST_292
2023-03-23,4,29.85,1.67,East,Furniture,CUST_96
2023-03-23,3,354.19,136.4,North,Furniture,CUST_413
2023-03-23,7,320.01,103.81,East,Furniture,CUST_307
2023-03-24,11,67.04,179.09,East,Electronics,CUST_243
2023-03-24,11,495.33,172.62,South,Furniture,CUST_66
2023-03-24,1,86.07,103.14,North,Furniture,CUST_466
2023-03-25,1,357.34,116.44,West,Furniture,CUST_257
2023-03-25,5,352.09,161.32,South,Food,CUST_62
2023-03-25,14,151.74,-49.5,North,Food,CUST_429
2023-03-25,8,397.54,124.91,West,Furniture,CUST_17
2023-03-25,10,261.1,-19.54,East,Electronics,CUST_410
2023-03-26,13,282.01,-0.66,North,Electronics,CUST_455
2023-03-26,13,244.69,-0.74,North,Furniture,CUST_394
2023-03-26,8,449.79,41.77,West,Food,CUST_213
2023-03-26,13,23.97,81.3,East,Furniture,CUST_26
2023-03-26,9,119.17,152.6,South,Furniture,CUST_207
2023-03-26,12,475.45,175.86,West,Electronics,CUST_8
2023-03-27,5,318.42,-42.82,South,Electronics,CUST_130
2023-03-27,10,348.0,104.41,West,Clothing,CUST_159
2023-03-28,14,472.75,97.43,West,Food,CUST_182
2023-03-28,7,245.51,61.85,North,Electronics,CUST_151
2023-03-28,4,440.81,93.32,North,Electronics,CUST_446
2023-03-28,7,336.0,50.86,West,Furniture,CUST_75
2023-03-29,11,249.91,42.49,North,Clothing,CUST_349
2023-03-29,5,82.1,-32.19,North,Electronics,CUST_134
2023-03-29,5,86.86,-39.95,North,Clothing,CUST_191
2023-03-29,9,486.79,42.15,East,Electronics,CUST_263
2023-03-29,12,25.79,171.51,North,Food,CUST_217
2023-03-29,12,81.24,-5.81,North,Electronics,CUST_235
2023-03-29,1,424.15,43.46,South,Electronics,CUST_420
2023-03-30,4,281.82,86.51,South,Food,CUST_197
2023-03-30,9,347.6,66.73,North,Clothing,CUST_327
2023-03-30,13,404.84,20.03,East,Food,CUST_86
2023-03-30,10,328.87,-25.5,North,Electronics,CUST_156
2023-03-30,8,84.67,125.38,East,Clothing,CUST_14
2023-03-31,4,404.39,54.45,East,Clothing,CUST_329
2023-03-31,10,260.45,-34.71,North,Clothing,CUST_345
2023-03-31,3,139.94,6.39,North,Clothing,CUST_13
2023-03-31,11,338.27,16.93,South,Food,CUST_94
2023-03-31,4,294.18,132.29,South,Furniture,CUST_387
2023-03-31,13,93.42,189.28,South,Clothing,CUST_424
2023-03-31,9,118.53,-30.31,East,Electronics,CUST_64
2023-03-31,12,255.17,-1.41,East,Food,CUST_347
2023-04-01,4,23.88,48.74,South,Clothing,CUST_398
2023-04-01,2,390.36,157.97,West,Furniture,CUST_472
2023-04-01,3,434.14,168.95,North,Food,CUST_482
2023-04-01,9,324.19,38.48,West,Food,CUST_477
2023-04-01,12,328.52,196.1,North,Electronics,CUST_242
2023-04-01,5,484.57,-18.75,North,Electronics,CUST_60
2023-04-02,6,249.68,-28.69,East,Electronics,CUST_41
2023-04-02,6,475.45,-13.99,West,Food,CUST_295
2023-04-02,4,41.57,116.44,North,Furniture,CUST_388
2023-04-02,9,434.5,8.26,North,Food,CUST_400
2023-04-02,8,241.3,-16.53,South,Food,CUST_143
2023-04-02,13,418.8,-42.95,West,Furniture,CUST_29
2023-04-02,13,182.6,75.34,East,Food,CUST_366
2023-04-02,12,228.7,196.84,East,Furniture,CUST_323
2023-04-02,7,415.61,127.46,North,Clothing,CUST_57
2023-04-03,8,315.57,-12.83,North,Food,CUST_107
2023-04-03,6,138.13,-31.85,West,Clothing,CUST_163
2023-04-04,9,172.69,62.3,West,Electronics,CUST_115
2023-04-04,6,157.24,22.58,East,Electronics,CUST_413
2023-04-04,12,286.39,64.96,North,Electronics,CUST_39
2023-04-04,1,451.95,15.79,East,Furniture,CUST_242
2023-04-04,6,452.11,-28.78,South,Food,CUST_389
2023-04-04,3,368.89,120.58,South,Clothing,CUST_286
2023-04-04,13,344.19,102.74,East,Food,CUST_181
2023-04-05,9,243.57,64.09,North,Food,CUST_246
2023-04-05,3,100.46,198.06,West,Food,CUST_464
2023-04-05,8,183.73,-47.78,South,Electronics,CUST_15
2023-04-05,7,39.8,113.41,South,Clothing,CUST_475
2023-04-05,5,265.14,78.56,West,Furniture,CUST_439
2023-04-05,11,274.35,187.88,North,Furniture,CUST_220
2023-04-05,3,240.23,129.48,West,Clothing,CUST_341
2023-04-05,6,222.15,150.49,South,Electronics,CUST_278
2023-04-05,11,343.85,66.03,West,Electronics,CUST_342
2023-04-06,10,291.44,143.04,West,Electronics,CUST_98
2023-04-06,7,182.29,172.3,North,Furniture,CUST_469
2023-04-06,8,496.02,98.15,South,Furniture,CUST_247
2023-04-06,4,494.23,-28.9,West,Furniture,CUST_397
2023-04-06,3,357.41,58.49,West,Clothing,CUST_17
2023-04-06,4,329.75,14.03,East,Food,CUST_2
2023-04-07,3,183.12,79.58,West,Clothing,CUST_27
2023-04-07,10,376.82,82.06,North,Food,CUST_124
2023-04-08,5,380.03,138.87,West,Electronics,CUST_440
2023-04-08,2,57.26,48.32,South,Food,CUST_497
2023-04-08,10,291.35,104.1,South,Clothing,CUST_104
2023-04-09,5,485.26,110.99,North,Electronics,CUST_226
2023-04-09,8,212.78,106.73,West,Electronics,CUST_163
2023-04-09,14,455.75,128.8,East,Clothing,CUST_167
2023-04-09,1,331.22,17.54,North,Clothing,CUST_462
2023-04-09,10,280.1,197.67,East,Food,CUST_399
2023-04-10,6,426.43,54.61,West,Electronics,CUST_381
2023-04-10,9,318.26,53.97,North,Furniture,CUST_348
2023-04-10,12,248.3,159.27,South,Furniture,CUST_366
2023-04-10,9,344.36,162.44,East,Furniture,CUST_215
2023-04-10,13,277.8,196.77,South,Electronics,CUST_230
2023-04-10,12,67.1,39.14,North,Furniture,CUST_381
2023-04-11,10,47.23,165.6,North,Furniture,CUST_72
2023-04-12,11,447.6,22.74,West,Electronics,CUST_407
2023-04-12,10,139.26,175.85,East,Furniture,CUST_248
2023-04-12,10,493.24,159.32,North,Electronics,CUST_4
2023-04-12,7,455.82,42.01,West,Clothing,CUST_360
2023-04-12,3,495.38,150.99,South,Furniture,CUST_314
2023-04-13,7,29.61,46.82,West,Furniture,CUST_251
2023-04-13,13,53.37,147.01,West,Clothing,CUST_344
2023-04-13,4,407.82,189.7,North,Clothing,CUST_220
2023-04-13,6,292.53,76.36,South,Food,CUST_160
2023-04-14,1,256.53,119.57,South,Furniture,CUST_336
2023-04-14,5,383.55,150.06,East,Clothing,CUST_449
2023-04-15,7,465.3,-29.8,North,Electronics,CUST_16
2023-04-15,4,318.52,149.99,North,Furniture,CUST_222
2023-04-15,13,166.23,4.12,East,Food,CUST_113
2023-04-16,3,167.74,37.61,North,Food,CUST_495
2023-04-16,3,334.62,-49.94,West,Food,CUST_287
2023-04-16,14,372.32,86.45,North,Furniture,CUST_383
2023-04-16,6,409.05,-10.18,East,Clothing,CUST_468
2023-04-16,11,463.44,84.51,East,Food,CUST_379
2023-04-16,1,202.82,62.79,South,Furniture,CUST_277
2023-04-16,4,182.72,-43.08,East,Food,CUST_495
2023-04-16,10,451.1,70.36,East,Electronics,CUST_157
2023-04-16,7,344.59,14.67,East,Clothing,CUST_49
2023-04-16,9,257.43,70.1,West,Clothing,CUST_265
2023-04-16,1,484.63,0.57,North,Electronics,CUST_51
2023-04-16,8,349.14,67.07,East,Furniture,CUST_382
2023-04-17,10,316.03,110.44,East,Furniture,CUST_441
2023-04-17,5,170.32,-27.68,North,Clothing,CUST_492
2023-04-17,11,115.5,48.7,East,Furniture,CUST_297
2023-04-17,12,174.88,77.28,East,Clothing,CUST_449
2023-04-18,4,386.74,113.36,North,Food,CUST_180
2023-04-18,9,48.62,124.04,North,Clothing,CUST_19
2023-04-19,12,189.17,-6.91,North,Clothing,CUST_268
2023-04-19,1,346.16,72.13,North,Food,CUST_24
2023-04-19,1,477.6,-11.83,South,Electronics,CUST_352
2023-04-19,11,283.75,-14.04,South,Furniture,CUST_163
2023-04-20,2,75.41,-30.45,East,Electronics,CUST_39
2023-04-20,5,106.97,18.0,West,Clothing,CUST_376
2023-04-20,2,358.04,25.5,East,Food,CUST_20
2023-04-21,7,179.86,54.76,North,Furniture,CUST_89
2023-04-21,4,46.92,112.61,North,Clothing,CUST_129
2023-04-21,3,497.39,146.36,West,Clothing,CUST_49
2023-04-21,13,356.39,-37.84,North,Clothing,CUST_400
2023-04-21,3,220.33,-14.1,South,Food,CUST_299
2023-04-21,11,257.4,-9.13,West,Food,CUST_241
2023-04-21,6,153.71,19.38,South,Electronics,CUST_471
2023-04-21,12,47.06,57.74,West,Furniture,CUST_410
2023-04-22,5,485.29,72.36,South,Food,CUST_243
2023-04-22,10,182.03,-12.4,North,Furniture,CUST_340
2023-04-22,2,194.51,124.77,North,Furniture,CUST_385
2023-04-22,11,197.06,121.51,East,Electronics,CUST_398
2023-04-22,14,143.27,96.5,East,Clothing,CUST_115
2023-04-22,12,463.84,185.7,West,Food,CUST_124
2023-04-23,5,282.43,79.19,South,Food,CUST_348
2023-04-23,2,404.8,71.03,South,Electronics,CUST_292
2023-04-23,2,93.85,7.66,North,Clothing,CUST_40
2023-04-23,9,227.74,164.83,West,Electronics,CUST_301
2023-04-23,7,175.45,-49.22,South,Electronics,CUST_460
2023-04-23,10,20.93,53.98,North,Food,CUST_454
2023-04-24,1,415.62,23.87,South,Clothing,CUST_295
2023-04-24,2,229.94,-5.55,North,Furniture,CUST_377
2023-04-25,14,195.57,37.16,West,Food,CUST_412
2023-04-25,1,366.49,-40.33,North,Clothing,CUST_105
2023-04-25,1,445.17,-26.52,East,Food,CUST_274
2023-04-25,13,288.75,122.47,North,Food,CUST_386
2023-04-25,5,472.14,92.28,South,Furniture,CUST_112
2023-04-25,7,172.14,17.74,West,Clothing,CUST_171
2023-04-26,2,245.86,-9.19,West,Furniture,CUST_86
2023-04-26,10,269.33,-27.31,North,Electronics,CUST_350
2023-04-26,5,183.69,-12.08,North,Furniture,CUST_249
2023-04-26,7,443.67,141.23,East,Clothing,CUST_276
2023-04-26,5,444.03,174.13,West,Food,CUST_162
2023-04-26,12,77.31,-25.83,West,Electronics,CUST_225
2023-04-27,13,476.09,84.93,North,Food,CUST_410
2023-04-27,1,175.84,172.63,West,Food,CUST_41
2023-04-27,6,215.84,108.47,North,Electronics,CUST_296
2023-04-28,4,141.88,-9.41,North,Electronics,CUST_107
2023-04-28,9,425.64,74.59,North,Electronics,CUST_342
2023-04-28,3,292.56,198.44,North,Clothing,CUST_164
2023-04-28,8,275.48,13.06,East,Food,CUST_293
2023-04-28,4,213.55,48.49,North,Furniture,CUST_203
2023-04-28,5,254.59,131.1,South,Clothing,CUST_322
2023-04-29,5,320.45,13.34,South,Food,CUST_362
2023-04-29,6,360.75,122.32,East,Furniture,CUST_258
2023-04-30,3,395.99,62.74,North,Electronics,CUST_118
2023-04-30,9,50.68,150.93,South,Clothing,CUST_499
2023-04-30,7,214.17,-2.49,East,Food,CUST_85
2023-04-30,11,481.76,-25.58,West,Electronics,CUST_72
2023-04-30,13,115.53,48.76,East,Electronics,CUST_23
2023-04-30,2,370.72,-2.44,East,Food,CUST_239
2023-04-30,5,101.96,63.73,West,Electronics,CUST_319
2023-04-30,12,203.35,11.84,North,Clothing,CUST_243
2023-04-30,7,492.54,120.06,South,Clothing,CUST_395
2023-04-30,10,356.93,162.97,North,Electronics,CUST_179
2023-04-30,3,283.77,41.08,East,Electronics,CUST_435
2023-04-30,2,160.83,161.69,West,Clothing,CUST_7
2023-05-01,6,281.09,123.86,East,Food,CUST_260
2023-05-01,12,220.6,82.26,East,Clothing,CUST_265
2023-05-01,5,163.87,-7.7,North,Food,CUST_314
2023-05-02,9,435.11,-33.96,West,Food,CUST_229
2023-05-03,11,391.17,12.67,South,Electronics,CUST_304
2023-05-03,3,179.49,141.46,East,Electronics,CUST_131
2023-05-03,12,363.85,142.81,East,Furniture,CUST_64
2023-05-03,13,191.91,-14.73,East,Electronics,CUST_333
2023-05-03,10,327.97,107.73,South,Food,CUST_319
2023-05-03,7,393.97,104.49,West,Electronics,CUST_465
2023-05-04,2,161.07,-1.13,North,Clothing,CUST_408
2023-05-04,6,34.15,3.23,East,Electronics,CUST_73
2023-05-04,11,176.4,80.68,North,Electronics,CUST_378
2023-05-04,2,339.44,-11.97,East,Furniture,CUST_56
2023-05-04,13,255.2,40.24,East,Furniture,CUST_174
2023-05-04,10,399.91,149.14,East,Furniture,CUST_104
2023-05-05,2,331.35,157.96,South,Food,CUST_13
2023-05-05,6,392.14,186.56,North,Furniture,CUST_291
2023-05-05,3,430.65,189.04,West,Electronics,CUST_304
2023-05-05,3,499.67,-44.92,North,Food,CUST_268
2023-05-05,4,112.24,141.67,South,Clothing,CUST_265
2023-05-05,10,224.69,-20.77,East,Furniture,CUST_36
2023-05-05,5,480.11,195.1,North,Electronics,CUST_172
2023-05-05,7,153.67,172.35,South,Food,CUST_326
2023-05-06,8,163.72,72.15,West,Clothing,CUST_226
2023-05-06,7,364.15,191.04,East,Electronics,CUST_445
2023-05-06,3,457.53,42.34,East,Furniture,CUST_402
2023-05-06,4,395.82,184.18,East,Electronics,CUST_209
2023-05-06,12,150.49,177.85,South,Electronics,CUST_268
2023-05-07,11,21.25,175.17,South,Clothing,CUST_61
2023-05-07,12,28.07,-22.07,East,Clothing,CUST_156
2023-05-07,3,159.43,188.92,North,Clothing,CUST_310
2023-05-07,1,122.41,95.68,North,Clothing,CUST_449
2023-05-08,9,97.09,77.7,South,Food,CUST_72
2023-05-08,7,233.83,110.03,South,Food,CUST_361
2023-05-08,13,478.24,71.1,South,Food,CUST_336
2023-05-08,11,81.32,199.68,West,Food,CUST_409
2023-05-08,14,420.38,179.81,North,Electronics,CUST_112
2023-05-08,14,241.47,63.84,South,Food,CUST_429
2023-05-08,13,157.71,-42.1,North,Food,CUST_323
2023-05-09,3,422.44,-38.87,East,Electronics,CUST_303
2023-05-09,4,340.87,194.51,South,Clothing,CUST_488
2023-05-09,9,93.76,143.71,North,Clothing,CUST_136
2023-05-09,9,124.05,19.83,North,Electronics,CUST_227
2023-05-09,14,369.63,197.15,North,Food,CUST_58
2023-05-09,7,132.47,8.04,South,Food,CUST_118
2023-05-09,10,294.29,107.15,North,Furniture,CUST_19
2023-05-09,10,379.88,18.57,North,Clothing,CUST_405
2023-05-10,9,106.25,124.65,South,Furniture,CUST_391
2023-05-10,13,116.97,197.09,West,Furniture,CUST_397
2023-05-10,8,295.94,37.13,North,Furniture,CUST_20
2023-05-10,8,190.66,180.08,West,Furniture,CUST_179
2023-05-10,1,32.16,67.16,East,Food,CUST_178
2023-05-10,1,325.53,168.69,North,Food,CUST_461
2023-05-11,11,367.86,48.2,North,Electronics,CUST_77
2023-05-11,11,233.2,140.36,South,Food,CUST_184
2023-05-11,2,449.02,-14.33,South,Food,CUST_465
2023-05-11,1,395.97,86.43,West,Food,CUST_53
2023-05-12,10,432.98,0.36,East,Food,CUST_368
2023-05-12,4,290.25,98.48,North,Furniture,CUST_249
2023-05-12,1,259.86,160.12,East,Food,CUST_369
2023-05-12,14,379.44,116.65,West,Food,CUST_476
2023-05-12,13,166.56,173.94,South,Electronics,CUST_107
2023-05-13,14,141.77,79.94,North,Electronics,CUST_145
2023-05-13,3,217.4,128.29,South,Clothing,CUST_96
2023-05-13,9,422.01,9.32,South,Electronics,CUST_367
2023-05-14,14,67.47,67.55,North,Clothing,CUST_8
2023-05-14,12,204.29,23.94,West,Clothing,CUST_407
2023-05-14,8,474.0,83.48,East,Food,CUST_148
2023-05-14,12,330.88,148.28,West,Electronics,CUST_426
2023-05-14,11,345.38,113.78,South,Electronics,CUST_411
2023-05-14,11,168.53,37.27,North,Food,CUST_381
2023-05-14,12,69.15,84.86,South,Clothing,CUST_117
2023-05-14,5,266.87,8.23,North,Food,CUST_463
2023-05-15,10,491.56,117.15,South,Food,CUST_10
2023-05-15,1,90.54,131.64,North,Clothing,CUST_28
2023-05-15,14,427.31,190.71,South,Clothing,CUST_162
2023-05-15,7,139.49,11.1,West,Clothing,CUST_457
2023-05-15,4,476.16,98.17,East,Food,CUST_105
2023-05-15,11,55.0,32.74,West,Clothing,CUST_346
2023-05-15,7,286.37,52.47,East,Clothing,CUST_65
2023-05-16,12,363.11,52.86,South,Electronics,CUST_354
2023-05-16,3,175.29,-13.93,North,Clothing,CUST_120
2023-05-16,2,340.6,-22.09,South,Furniture,CUST_335
2023-05-16,9,370.62,117.4,South,Clothing,CUST_92
2023-05-17,3,182.8,158.38,East,Furniture,CUST_438
2023-05-17,11,270.0,13.78,East,Electronics,CUST_420
2023-05-17,9,397.42,-0.02,North,Food,CUST_37
2023-05-17,5,321.11,57.0,East,Furniture,CUST_14
2023-05-18,5,269.44,-17.35,South,Clothing,CUST_292
2023-05-18,7,451.72,1.17,West,Electronics,CUST_99
2023-05-18,14,172.16,-15.14,South,Clothing,CUST_94
2023-05-18,13,431.46,192.77,West,Food,CUST_6
2023-05-18,4,185.16,13.24,West,Electronics,CUST_104
2023-05-18,12,265.67,-4.72,West,Food,CUST_192
2023-05-18,13,139.23,90.46,North,Clothing,CUST_458
2023-05-19,9,347.03,102.65,South,Electronics,CUST_467
2023-05-19,12,288.97,-34.28,West,Electronics,CUST_226
2023-05-19,1,46.3,104.78,North,Electronics,CUST_296
2023-05-19,4,170.4,77.41,West,Clothing,CUST_79
2023-05-19,11,169.34,-48.09,South,Food,CUST_237
2023-05-20,6,359.21,124.65,West,Electronics,CUST_460
2023-05-20,12,420.71,93.44,South,Food,CUST_96
2023-05-20,13,212.65,-26.26,South,Electronics,CUST_353
2023-05-20,4,431.15,-40.13,East,Electronics,CUST_428
2023-05-20,10,27.73,-8.43,South,Food,CUST_479
2023-05-20,1,356.72,73.32,East,Clothing,CUST_62
2023-05-21,1,392.62,-4.33,South,Electronics,CUST_402
2023-05-21,10,78.08,58.46,South,Furniture,CUST_165
2023-05-21,1,91.45,172.08,South,Furniture,CUST_20
2023-05-22,5,413.35,196.12,North,Food,CUST_395
2023-05-22,9,430.18,10.69,West,Electronics,CUST_17
2023-05-23,6,182.76,199.92,South,Food,CUST_48
2023-05-23,1,319.1,113.13,East,Food,CUST_240
2023-05-23,9,329.76,40.6,South,Furniture,CUST_230
2023-05-23,9,236.21,-33.82,West,Electronics,CUST_119
2023-05-23,9,358.98,-34.29,North,Clothing,CUST_217
2023-05-23,3,372.5,154.74,East,Clothing,CUST_419
2023-05-23,9,68.27,37.65,South,Clothing,CUST_267
2023-05-24,3,420.39,79.24,South,Electronics,CUST_45
2023-05-24,7,339.26,44.26,South,Furniture,CUST_175
2023-05-24,2,243.26,46.48,West,Electronics,CUST_113
2023-05-24,3,85.72,2.02,West,Furniture,CUST_248
2023-05-24,13,305.38,104.82,North,Clothing,CUST_111
2023-05-24,9,403.5,22.47,North,Clothing,CUST_306
2023-05-25,14,143.68,13.37,North,Furniture,CUST_349
2023-05-25,2,136.2,124.2,North,Furniture,CUST_455
2023-05-25,7,278.52,99.31,West,Food,CUST_375
2023-05-25,7,444.36,-42.28,South,Electronics,CUST_204
2023-05-26,7,303.38,-26.1,North,Food,CUST_458
2023-05-26,2,464.56,31.71,North,Clothing,CUST_157
2023-05-26,11,272.28,115.76,North,Food,CUST_44
2023-05-26,7,166.31,134.7,West,Food,CUST_499
2023-05-26,7,453.74,81.98,North,Electronics,CUST_22
2023-05-27,3,155.16,-48.45,South,Furniture,CUST_324
2023-05-27,8,168.65,81.96,South,Furniture,CUST_283
2023-05-28,8,480.67,139.65,South,Clothing,CUST_31
2023-05-28,10,291.13,-39.31,East,Clothing,CUST_481
2023-05-28,1,254.29,8.32,South,Clothing,CUST_487
2023-05-28,8,71.3,114.04,East,Furniture,CUST_266
2023-05-28,12,474.58,-32.14,North,Clothing,CUST_330
2023-05-29,7,43.91,-41.23,West,Clothing,CUST_395
2023-05-29,6,320.7,130.01,West,Clothing,CUST_53
2023-05-29,9,172.72,160.53,West,Furniture,CUST_462
2023-05-30,6,222.79,-5.47,West,Electronics,CUST_16
2023-05-30,3,389.6,153.66,South,Food,CUST_231
2023-05-30,10,88.55,3.39,East,Electronics,CUST_120
2023-05-30,1,263.06,20.29,North,Food,CUST_395
2023-05-30,1,112.55,183.77,East,Clothing,CUST_6
2023-05-30,7,390.4,46.81,North,Electronics,CUST_129
2023-05-31,2,318.54,-1.88,East,Food,CUST_431
2023-05-31,5,377.32,120.05,East,Food,CUST_383
2023-05-31,9,200.0,-37.21,North,Furniture,CUST_297
2023-05-31,8,459.08,19.58,East,Furniture,CUST_289
2023-05-31,13,126.12,-47.55,West,Food,CUST_364
2023-05-31,6,186.16,-41.85,East,Food,CUST_60
2023-05-31,4,458.94,104.18,West,Electronics,CUST_207
2023-05-31,4,74.83,51.91,East,Electronics,CUST_313
2023-05-31,7,252.83,-46.48,North,Electronics,CUST_335
2023-06-01,13,498.3,71.28,North,Food,CUST_33
2023-06-01,11,196.89,84.55,East,Electronics,CUST_201
2023-06-01,6,284.29,-3.35,North,Furniture,CUST_312
2023-06-01,11,406.41,16.52,South,Food,CUST_121
2023-06-01,14,215.43,163.62,North,Food,CUST_169
2023-06-02,8,191.59,-30.62,East,Food,CUST_245
2023-06-02,12,117.1,85.77,South,Clothing,CUST_128
2023-06-02,10,285.66,51.15,East,Food,CUST_371
2023-06-02,7,231.57,152.37,West,Electronics,CUST_48
2023-06-02,6,475.49,-6.63,East,Electronics,CUST_200
2023-06-02,6,129.65,197.33,East,Furniture,CUST_482
2023-06-03,5,250.52,41.78,North,Furniture,CUST_343
2023-06-03,1,465.27,-28.57,South,Electronics,CUST_204
2023-06-03,10,25.71,69.12,West,Clothing,CUST_356
2023-06-03,7,154.07,-16.34,West,Electronics,CUST_157
2023-06-04,12,399.73,-29.09,West,Electronics,CUST_125
2023-06-04,2,114.17,135.61,North,Furniture,CUST_488
2023-06-04,10,34.93,181.7,East,Furniture,CUST_428
2023-06-04,14,140.43,-31.14,East,Food,CUST_457
2023-06-04,5,463.14,41.14,South,Electronics,CUST_120
2023-06-04,2,28.12,182.8,South,Clothing,CUST_432
2023-06-04,1,446.83,26.18,South,Food,CUST_233
2023-06-04,7,343.53,-30.74,East,Clothing,CUST_333
2023-06-04,7,246.04,50.1,East,Food,CUST_315
2023-06-05,6,244.3,186.07,North,Furniture,CUST_485
2023-06-05,13,300.27,109.49,South,Electronics,CUST_189
2023-06-05,10,293.19,65.15,East,Furniture,CUST_143
2023-06-05,14,332.91,93.57,South,Food,CUST_25
2023-06-05,6,235.33,117.12,South,Food,CUST_92
2023-06-05,5,460.76,166.03,East,Electronics,CUST_330
2023-06-05,9,52.01,158.23,South,Food,CUST_76
2023-06-05,1,457.49,125.87,North,Food,CUST_316
2023-06-06,12,481.29,80.21,East,Clothing,CUST_358
2023-06-06,9,462.24,159.21,North,Clothing,CUST_460
2023-06-06,13,138.73,196.13,North,Food,CUST_352
2023-06-06,14,495.28,0.09,South,Furniture,CUST_306
2023-06-07,9,277.58,-11.3,North,Food,CUST_288
2023-06-07,5,414.36,125.62,West,Electronics,CUST_284
2023-06-07,8,137.22,187.66,West,Food,CUST_493
2023-06-07,8,478.1,-13.44,West,Furniture,CUST_459
2023-06-08,10,255.0,141.49,South,Clothing,CUST_262
2023-06-08,10,147.76,-4.19,East,Electronics,CUST_138
2023-06-08,1,252.25,-15.63,South,Food,CUST_362
2023-06-08,13,53.31,120.83,North,Clothing,CUST_58
2023-06-08,8,304.37,91.75,North,Electronics,CUST_269
2023-06-09,12,226.77,69.38,South,Furniture,CUST_147
2023-06-09,5,373.63,61.23,North,Electronics,CUST_342
2023-06-09,7,70.84,62.38,East,Electronics,CUST_276
2023-06-09,9,122.47,-15.53,North,Furniture,CUST_410
2023-06-09,12,369.78,31.31,West,Food,CUST_308
2023-06-09,1,34.58,127.47,North,Clothing,CUST_123
2023-06-10,8,27.57,171.75,North,Clothing,CUST_79
2023-06-10,2,485.14,84.32,South,Furniture,CUST_484
2023-06-10,13,224.27,-7.95,North,Clothing,CUST_162
2023-06-10,10,100.75,83.0,East,Electronics,CUST_168
2023-06-10,11,182.38,19.67,West,Electronics,CUST_61
2023-06-10,9,335.39,178.02,North,Electronics,CUST_456
2023-06-11,5,96.47,29.78,North,Clothing,CUST_361
2023-06-11,11,161.54,67.24,North,Clothing,CUST_326
2023-06-11,2,371.05,15.88,East,Food,CUST_420
2023-06-12,2,485.55,70.5,North,Furniture,CUST_41
2023-06-12,8,386.5,-33.74,North,Food,CUST_209
2023-06-12,5,482.61,6.89,West,Electronics,CUST_427
2023-06-12,13,291.5,24.49,East,Food,CUST_49
2023-06-12,1,191.06,176.27,North,Furniture,CUST_273
2023-06-13,3,60.62,131.28,South,Food,CUST_451
2023-06-13,13,47.56,130.31,East,Furniture,CUST_292
2023-06-13,12,402.42,46.78,North,Furniture,CUST_185
2023-06-13,12,258.42,57.69,East,Clothing,CUST_48
2023-06-14,8,244.9,90.94,East,Clothing,CUST_497
2023-06-14,11,407.63,-12.34,East,Electronics,CUST_278
2023-06-14,10,408.41,122.16,West,Furniture,CUST_390
2023-06-14,13,296.1,199.55,North,Clothing,CUST_447
2023-06-14,6,234.7,28.83,East,Food,CUST_476
2023-06-15,10,389.57,95.11,South,Furniture,CUST_155
2023-06-15,6,249.93,76.45,North,Electronics,CUST_320
2023-06-15,1,466.47,5.51,North,Clothing,CUST_200
2023-06-16,6,178.45,-23.33,East,Electronics,CUST_208
2023-06-16,12,338.62,56.7,North,Electronics,CUST_238
2023-06-16,9,388.74,158.72,West,Electronics,CUST_433
2023-06-16,3,108.04,170.52,East,Food,CUST_27
2023-06-16,10,29.17,195.88,North,Food,CUST_182
2023-06-16,10,450.01,14.93,South,Electronics,CUST_497
2023-06-17,8,25.3,-8.76,South,Furniture,CUST_291
2023-06-17,10,336.19,-48.84,South,Electronics,CUST_242
2023-06-17,5,403.3,-22.53,North,Clothing,CUST_427
2023-06-17,11,159.58,126.48,West,Clothing,CUST_338
2023-06-18,9,67.37,2.35,South,Furniture,CUST_270
2023-06-18,11,188.02,42.19,North,Clothing,CUST_84
2023-06-18,6,140.47,185.66,East,Food,CUST_492
2023-06-18,2,336.68,35.54,West,Electronics,CUST_481
2023-06-18,5,482.9,-16.63,West,Food,CUST_134
2023-06-19,12,341.94,157.56,South,Electronics,CUST_230
2023-06-19,6,348.04,48.24,North,Electronics,CUST_289
2023-06-19,2,106.07,129.41,North,Electronics,CUST_70
2023-06-19,6,240.46,2.69,East,Clothing,CUST_97
2023-06-20,11,462.2,14.36,West,Electronics,CUST_31
2023-06-20,3,333.75,167.8,North,Electronics,CUST_47
2023-06-20,14,156.64,74.54,North,Food,CUST_45
2023-06-20,11,303.92,-15.31,East,Electronics,CUST_68
2023-06-21,11,459.63,111.14,North,Electronics,CUST_133
2023-06-21,2,372.26,-49.93,North,Food,CUST_156
2023-06-21,2,42.94,60.75,West,Electronics,CUST_373
2023-06-21,12,279.97,63.94,North,Food,CUST_300
2023-06-21,10,163.74,150.6,North,Furniture,CUST_452
2023-06-21,3,288.19,85.99,East,Electronics,CUST_186
2023-06-21,14,202.68,170.05,North,Clothing,CUST_75
2023-06-22,1,277.86,132.81,North,Food,CUST_64
2023-06-22,3,337.63,-1.5,West,Clothing,CUST_237
2023-06-22,10,173.82,-18.85,West,Furniture,CUST_202
2023-06-22,10,304.53,51.0,North,Electronics,CUST_499
2023-06-22,2,393.64,139.76,West,Furniture,CUST_183
2023-06-22,13,123.59,160.23,West,Clothing,CUST_273
2023-06-24,12,480.9,49.83,South,Clothing,CUST_210
2023-06-24,2,425.3,196.52,North,Food,CUST_147
2023-06-24,13,236.84,98.97,West,Food,CUST_427
2023-06-24,9,189.45,5.78,South,Furniture,CUST_296
2023-06-24,2,256.2,187.94,East,Food,CUST_432
2023-06-24,14,293.14,74.31,North,Food,CUST_389
2023-06-24,8,446.66,3.71,North,Clothing,CUST_318
2023-06-24,11,61.49,6.27,South,Clothing,CUST_9
2023-06-25,5,55.71,13.22,North,Electronics,CUST_454
2023-06-25,12,154.05,106.95,South,Food,CUST_495
2023-06-25,7,20.76,122.89,East,Electronics,CUST_121
2023-06-25,5,96.78,112.02,West,Food,CUST_340
2023-06-26,11,186.29,-26.59,North,Furniture,CUST_77
2023-06-26,11,166.52,159.03,North,Furniture,CUST_474
2023-06-26,10,87.06,182.7,North,Electronics,CUST_57
2023-06-26,10,350.7,-29.32,South,Clothing,CUST_185
2023-06-26,7,214.45,17.41,South,Electronics,CUST_71
2023-06-26,8,382.49,75.51,South,Food,CUST_289
2023-06-26,12,73.56,21.98,East,Furniture,CUST_101
2023-06-27,14,487.17,16.86,North,Electronics,CUST_33
2023-06-27,12,401.5,32.68,East,Clothing,CUST_214
2023-06-27,12,286.91,-33.63,North,Food,CUST_304
2023-06-28,10,476.53,-42.49,South,Food,CUST_361
2023-06-28,5,276.44,5.0,West,Electronics,CUST_376
2023-06-28,13,386.48,187.33,East,Clothing,CUST_446
2023-06-28,13,108.19,155.12,West,Food,CUST_273
2023-06-28,3,445.84,-40.67,South,Clothing,CUST_234
2023-06-30,2,127.49,-27.16,North,Electronics,CUST_486
2023-06-30,6,372.79,10.63,South,Electronics,CUST_112
2023-06-30,14,206.0,105.08,East,Clothing,CUST_369
2023-06-30,3,447.61,154.44,East,Food,CUST_304
2023-06-30,14,152.85,73.57,West,Food,CUST_116
2023-06-30,9,274.04,61.0,North,Food,CUST_434
2023-06-30,7,140.21,129.33,West,Furniture,CUST_376
2023-06-30,2,493.8,70.72,West,Food,CUST_141
2023-06-30,13,125.2,81.63,North,Food,CUST_420
2023-06-30,10,378.17,174.28,North,Furniture,CUST_305
2023-06-30,14,200.12,-2.48,South,Furniture,CUST_116
2023-07-01,13,445.75,56.74,East,Electronics,CUST_374
2023-07-01,11,277.42,-15.52,South,Electronics,CUST_113
2023-07-01,7,126.73,-49.71,North,Furniture,CUST_197
2023-07-01,1,444.84,82.31,West,Electronics,CUST_299
2023-07-01,1,411.61,78.36,North,Food,CUST_239
2023-07-02,14,325.89,-33.96,West,Furniture,CUST_104
2023-07-02,6,89.19,104.79,South,Food,CUST_132
2023-07-02,11,320.85,-43.48,West,Food,CUST_370
2023-07-02,9,68.61,20.52,East,Food,CUST_217
2023-07-03,5,83.67,-47.6,North,Furniture,CUST_414
2023-07-03,14,455.35,13.78,East,Furniture,CUST_12
2023-07-03,4,463.94,96.83,South,Clothing,CUST_322
2023-07-03,2,211.24,74.98,West,Food,CUST_311
2023-07-04,9,78.14,137.66,West,Electronics,CUST_441
2023-07-04,13,400.78,-33.34,East,Electronics,CUST_331
2023-07-04,7,151.83,-12.85,West,Clothing,CUST_351
2023-07-04,13,405.33,182.82,South,Electronics,CUST_305
2023-07-04,9,93.91,8.52,North,Electronics,CUST_255
2023-07-05,9,23.94,90.23,South,Electronics,CUST_355
2023-07-05,7,488.3,106.69,West,Food,CUST_285
2023-07-05,4,492.15,1.8,North,Electronics,CUST_342
2023-07-05,7,221.37,193.68,South,Food,CUST_176
2023-07-06,13,350.65,157.98,North,Electronics,CUST_25
2023-07-06,10,435.06,18.51,West,Food,CUST_37
2023-07-06,2,295.35,52.48,North,Food,CUST_486
2023-07-07,1,407.05,31.16,North,Electronics,CUST_470
2023-07-07,5,405.93,36.88,East,Food,CUST_216
2023-07-07,10,264.81,147.18,North,Electronics,CUST_35
2023-07-07,14,320.43,98.7,West,Electronics,CUST_139
2023-07-07,13,248.88,-12.02,West,Electronics,CUST_463
2023-07-07,9,151.9,37.46,West,Clothing,CUST_383
2023-07-08,10,222.97,65.56,West,Furniture,CUST_382
2023-07-08,9,466.65,-38.6,West,Clothing,CUST_299
2023-07-08,5,60.92,-1.3,East,Clothing,CUST_340
2023-07-08,14,66.34,-13.94,East,Furniture,CUST_380
2023-07-08,6,194.75,-33.38,East,Furniture,CUST_42
2023-07-08,6,201.53,155.61,South,Clothing,CUST_249
2023-07-08,12,474.98,-30.95,South,Furniture,CUST_185
2023-07-09,6,145.05,195.48,East,Food,CUST_458
2023-07-09,13,128.22,3.92,North,Food,CUST_360
2023-07-10,5,279.71,118.69,South,Furniture,CUST_83
2023-07-10,10,369.61,137.35,North,Clothing,CUST_246
2023-07-10,14,400.14,99.81,North,Food,CUST_398
2023-07-10,5,121.08,-47.38,West,Clothing,CUST_357
2023-07-11,14,153.35,-22.51,North,Food,CUST_495
2023-07-11,3,242.97,86.75,South,Furniture,CUST_219
2023-07-11,12,368.94,116.42,East,Electronics,CUST_64
2023-07-11,13,350.52,115.05,North,Clothing,CUST_186
2023-07-11,12,129.14,16.33,West,Food,CUST_226
2023-07-11,9,147.8,-37.74,North,Clothing,CUST_126
2023-07-11,11,51.16,-7.3,North,Clothing,CUST_131
2023-07-11,9,461.87,140.74,North,Furniture,CUST_187
2023-07-12,5,337.11,124.35,West,Clothing,CUST_331
2023-07-12,9,141.46,193.24,South,Furniture,CUST_261
2023-07-12,5,279.65,26.54,West,Electronics,CUST_350
2023-07-12,5,250.76,51.31,North,Furniture,CUST_132
2023-07-13,9,295.32,105.43,North,Electronics,CUST_181
2023-07-13,13,57.87,-27.04,West,Electronics,CUST_137
2023-07-13,12,152.03,8.71,West,Furniture,CUST_406
2023-07-13,10,331.77,167.81,West,Food,CUST_247
2023-07-13,6,159.9,194.56,West,Food,CUST_50
2023-07-13,6,99.46,102.59,West,Furniture,CUST_419
2023-07-13,13,221.43,174.52,South,Furniture,CUST_317
2023-07-13,13,157.81,100.29,West,Food,CUST_48
2023-07-13,13,357.34,20.24,North,Electronics,CUST_193
2023-07-13,5,227.53,66.4,South,Furniture,CUST_241
2023-07-13,14,119.58,189.14,South,Electronics,CUST_427
2023-07-14,6,497.33,-7.42,South,Food,CUST_437
2023-07-14,8,445.81,-6.15,East,Furniture,CUST_332
2023-07-14,6,344.96,61.7,East,Clothing,CUST_40
2023-07-14,5,371.41,109.53,North,Food,CUST_479
2023-07-14,5,314.14,100.55,North,Food,CUST_239
2023-07-14,14,395.89,194.48,West,Clothing,CUST_226
2023-07-14,11,340.82,180.3,West,Furniture,CUST_437
2023-07-15,12,468.02,-48.21,West,Furniture,CUST_198
2023-07-15,11,82.95,107.51,West,Clothing,CUST_225
2023-07-15,14,64.36,42.01,East,Food,CUST_13
2023-07-15,8,200.18,146.71,East,Clothing,CUST_402
2023-07-15,13,181.76,56.83,North,Food,CUST_267
2023-07-15,8,141.51,80.15,West,Food,CUST_203
2023-07-15,8,302.9,169.34,West,Electronics,CUST_120
2023-07-16,13,169.38,-32.14,West,Food,CUST_422
2023-07-17,6,156.61,154.37,South,Clothing,CUST_29
2023-07-17,8,95.49,82.54,South,Food,CUST_111
2023-07-17,13,366.68,115.76,East,Food,CUST_11
2023-07-17,13,162.53,35.33,North,Electronics,CUST_103
2023-07-17,9,36.26,41.08,North,Clothing,CUST_190
2023-07-17,11,484.97,78.48,North,Electronics,CUST_428
2023-07-17,8,296.94,34.21,West,Furniture,CUST_227
2023-07-18,10,239.67,131.21,North,Furniture,CUST_157
2023-07-18,12,31.58,123.77,North,Food,CUST_237
2023-07-18,7,168.67,-34.53,West,Furniture,CUST_141
2023-07-18,6,106.69,94.23,West,Electronics,CUST_404
2023-07-18,7,322.59,80.25,South,Furniture,CUST_115
2023-07-19,8,203.52,38.36,West,Clothing,CUST_328
2023-07-19,9,438.55,-3.17,East,Furniture,CUST_41
2023-07-19,10,486.48,-42.48,West,Electronics,CUST_277
2023-07-19,2,415.09,165.45,East,Clothing,CUST_378
2023-07-20,9,374.96,41.06,North,Food,CUST_34
2023-07-20,11,86.75,82.56,South,Clothing,CUST_62
2023-07-20,13,288.62,117.07,North,Furniture,CUST_425
2023-07-20,4,245.83,138.59,South,Electronics,CUST_51
2023-07-20,3,171.0,108.64,East,Furniture,CUST_261
2023-07-20,13,166.75,172.31,West,Food,CUST_384
2023-07-21,2,244.63,-33.12,North,Food,CUST_245
2023-07-21,6,355.89,78.42,South,Food,CUST_106
2023-07-21,3,83.39,53.5,West,Furniture,CUST_362
2023-07-21,3,472.37,-28.8,East,Clothing,CUST_216
2023-07-21,9,56.98,-40.93,West,Food,CUST_362
2023-07-22,14,264.68,51.71,South,Clothing,CUST_248
2023-07-22,14,160.81,-15.49,West,Electronics,CUST_313
2023-07-23,9,494.24,70.14,West,Furniture,CUST_170
2023-07-23,5,433.9,127.56,West,Clothing,CUST_360
2023-07-23,5,155.43,159.57,East,Clothing,CUST_435
2023-07-23,13,175.47,-9.9,South,Food,CUST_195
2023-07-23,4,399.69,-45.98,East,Furniture,CUST_51
2023-07-24,3,214.03,-30.92,West,Electronics,CUST_305
2023-07-24,2,381.35,-13.3,North,Electronics,CUST_295
2023-07-24,14,468.99,9.23,West,Furniture,CUST_68
2023-07-24,7,359.77,37.88,East,Furniture,CUST_287
2023-07-24,12,397.42,60.33,East,Food,CUST_230
2023-07-24,1,117.0,118.1,North,Clothing,CUST_262
2023-07-25,5,63.94,163.55,East,Clothing,CUST_75
2023-07-25,11,241.67,184.89,West,Furniture,CUST_25
2023-07-25,9,222.63,121.55,West,Clothing,CUST_160
2023-07-25,7,483.73,-0.51,North,Electronics,CUST_215
2023-07-25,14,443.22,5.2,South,Food,CUST_200
2023-07-26,7,33.04,19.2,North,Clothing,CUST_326
2023-07-26,9,340.25,19.38,East,Electronics,CUST_391
2023-07-26,9,200.28,56.51,West,Furniture,CUST_130
2023-07-26,10,397.42,169.46,South,Food,CUST_252
2023-07-27,5,103.86,67.88,West,Clothing,CUST_441
2023-07-27,14,444.27,73.81,North,Furniture,CUST_106
2023-07-27,10,103.23,76.14,West,Furniture,CUST_139
2023-07-27,3,241.76,-6.23,South,Food,CUST_8
2023-07-27,12,69.79,142.06,North,Electronics,CUST_179
2023-07-28,9,408.74,64.15,West,Furniture,CUST_36
2023-07-28,10,115.83,165.36,West,Clothing,CUST_24
2023-07-28,10,269.87,164.73,South,Furniture,CUST_228
2023-07-28,10,401.45,139.66,West,Furniture,CUST_275
2023-07-28,11,228.35,66.65,North,Food,CUST_6
2023-07-28,6,238.69,-15.4,West,Furniture,CUST_141
2023-07-29,3,181.27,57.96,South,Furniture,CUST_51
2023-07-29,2,468.63,79.13,South,Clothing,CUST_371
2023-07-29,9,213.3,107.57,South,Electronics,CUST_292
2023-07-29,11,307.86,12.15,East,Furniture,CUST_83
2023-07-29,9,133.16,49.6,West,Electronics,CUST_222
2023-07-29,7,308.68,124.84,West,Clothing,CUST_286
2023-07-29,14,345.38,58.88,South,Electronics,CUST_277
2023-07-29,9,123.98,-42.81,North,Clothing,CUST_404
2023-07-29,5,374.2,-24.27,North,Food,CUST_86
2023-07-30,10,497.48,15.22,South,Furniture,CUST_386
2023-07-30,12,499.52,-28.69,East,Furniture,CUST_18
2023-07-30,6,75.69,105.28,East,Clothing,CUST_55
2023-07-30,8,437.1,105.68,East,Food,CUST_489
2023-07-31,12,433.22,115.53,South,Furniture,CUST_459
2023-07-31,8,483.68,-17.5,East,Furniture,CUST_265
2023-07-31,2,53.36,-33.58,South,Food,CUST_136
2023-08-01,12,388.13,182.21,East,Food,CUST_277
2023-08-01,7,276.98,74.07,South,Electronics,CUST_357
2023-08-01,12,362.12,95.55,East,Food,CUST_124
2023-08-01,10,341.75,176.16,West,Electronics,CUST_440
2023-08-01,4,103.83,-46.9,East,Electronics,CUST_85
2023-08-02,10,110.66,-11.79,North,Furniture,CUST_440
2023-08-02,13,156.81,72.83,North,Food,CUST_114
2023-08-02,14,110.42,197.6,North,Furniture,CUST_297
2023-08-02,3,306.27,-7.82,North,Furniture,CUST_187
2023-08-02,11,41.35,93.7,West,Electronics,CUST_435
2023-08-03,5,184.81,106.62,West,Electronics,CUST_436
2023-08-03,9,247.37,179.82,North,Clothing,CUST_290
2023-08-03,12,261.57,160.61,East,Furniture,CUST_182
2023-08-03,10,438.5,4.8,North,Furniture,CUST_90
2023-08-04,3,28.38,175.78,West,Electronics,CUST_55
2023-08-04,14,488.72,96.69,West,Clothing,CUST_408
2023-08-04,10,165.79,-47.19,East,Food,CUST_162
2023-08-04,13,250.29,42.44,East,Furniture,CUST_115
2023-08-04,3,282.38,78.87,West,Furniture,CUST_336
2023-08-04,1,70.55,71.74,East,Clothing,CUST_288
2023-08-05,9,455.49,186.84,West,Furniture,CUST_70
2023-08-05,14,188.79,-34.01,North,Clothing,CUST_140
2023-08-05,12,343.41,-36.25,North,Food,CUST_15
2023-08-05,4,308.09,22.09,North,Electronics,CUST_144
2023-08-05,13,203.03,-1.72,North,Clothing,CUST_275
2023-08-05,4,353.5,194.54,West,Furniture,CUST_117
2023-08-06,11,390.03,187.15,East,Clothing,CUST_119
2023-08-06,13,499.56,112.79,North,Clothing,CUST_26
2023-08-06,10,232.32,49.42,East,Furniture,CUST_119
2023-08-06,4,235.08,-39.65,East,Food,CUST_59
2023-08-06,10,255.99,-23.56,South,Furniture,CUST_130
2023-08-07,9,450.79,-34.07,South,Electronics,CUST_481
2023-08-07,9,232.57,47.95,West,Electronics,CUST_148
2023-08-07,9,97.87,5.83,West,Clothing,CUST_338
2023-08-07,10,490.03,121.85,West,Furniture,CUST_401
2023-08-07,3,496.83,132.87,South,Clothing,CUST_240
2023-08-08,8,195.92,34.27,West,Clothing,CUST_54
2023-08-08,14,23.94,-19.19,West,Clothing,CUST_16
2023-08-08,11,155.85,177.25,West,Food,CUST_145
2023-08-09,7,152.06,-28.49,East,Food,CUST_250
2023-08-09,2,131.66,148.44,North,Food,CUST_68
2023-08-09,1,103.57,161.41,North,Food,CUST_208
2023-08-09,4,135.7,179.69,West,Clothing,CUST_181
2023-08-10,1,192.88,-16.86,North,Food,CUST_201
2023-08-10,14,439.27,153.21,East,Electronics,CUST_39
2023-08-11,5,60.67,86.62,South,Electronics,CUST_40
2023-08-11,4,186.85,63.63,South,Furniture,CUST_4
2023-08-11,2,56.8,28.9,South,Clothing,CUST_178
2023-08-11,8,463.22,22.23,West,Food,CUST_298
2023-08-11,10,212.17,-21.38,West,Food,CUST_354
2023-08-11,6,359.3,84.23,North,Electronics,CUST_18
2023-08-11,13,483.8,111.81,South,Furniture,CUST_211
2023-08-11,6,387.95,91.79,South,Food,CUST_198
2023-08-11,14,393.1,28.77,West,Clothing,CUST_446
2023-08-11,4,463.62,-34.23,South,Food,CUST_350
2023-08-11,13,266.97,192.09,North,Electronics,CUST_265
2023-08-12,9,63.06,129.09,North,Food,CUST_286
2023-08-12,8,331.78,43.37,South,Furniture,CUST_366
2023-08-12,7,396.92,-40.03,North,Furniture,CUST_434
2023-08-12,7,176.0,-29.41,North,Clothing,CUST_122
2023-08-12,13,292.53,-18.96,North,Clothing,CUST_124
2023-08-12,13,288.6,-42.18,North,Furniture,CUST_55
2023-08-12,1,172.79,186.23,East,Clothing,CUST_295
2023-08-12,6,397.54,181.16,East,Clothing,CUST_236
2023-08-13,14,298.16,142.15,North,Clothing,CUST_174
2023-08-13,2,227.21,47.76,North,Furniture,CUST_54
2023-08-13,10,414.91,38.13,West,Food,CUST_417
2023-08-13,9,58.15,191.58,North,Clothing,CUST_76
2023-08-14,6,417.68,191.9,North,Food,CUST_219
2023-08-14,1,460.57,-9.22,North,Food,CUST_316
2023-08-15,4,20.54,148.79,East,Food,CUST_482
2023-08-15,10,308.12,-29.65,West,Clothing,CUST_357
2023-08-15,11,123.6,199.4,South,Food,CUST_204
2023-08-16,11,302.01,90.11,East,Furniture,CUST_202
2023-08-16,4,468.7,49.61,South,Clothing,CUST_477
2023-08-16,3,384.37,12.08,North,Electronics,CUST_464
2023-08-16,12,311.13,60.76,North,Clothing,CUST_178
2023-08-16,8,151.05,-45.61,East,Furniture,CUST_52
2023-08-16,12,342.0,75.11,East,Food,CUST_79
2023-08-16,2,493.48,66.38,South,Furniture,CUST_462
2023-08-17,14,288.91,57.7,North,Clothing,CUST_123
2023-08-17,4,386.84,155.6,West,Clothing,CUST_89
2023-08-17,13,179.88,168.4,North,Food,CUST_378
2023-08-17,9,335.27,51.44,West,Clothing,CUST_433
2023-08-17,7,323.85,23.81,East,Electronics,CUST_270
2023-08-17,1,45.45,24.99,South,Electronics,CUST_70
2023-08-17,9,342.93,40.96,North,Furniture,CUST_342
2023-08-17,11,335.78,108.25,North,Electronics,CUST_498
2023-08-18,6,329.62,100.17,East,Electronics,CUST_161
2023-08-18,6,420.04,127.71,North,Clothing,CUST_365
2023-08-18,11,288.41,196.64,North,Clothing,CUST_198
2023-08-18,10,236.97,114.25,North,Food,CUST_234
2023-08-19,1,442.66,-14.18,South,Clothing,CUST_146
2023-08-19,8,130.55,186.58,West,Furniture,CUST_260
2023-08-19,4,347.71,-13.27,East,Clothing,CUST_414
2023-08-19,7,55.03,173.78,East,Food,CUST_394
2023-08-19,11,361.82,-46.97,North,Food,CUST_357
2023-08-19,8,141.17,80.81,West,Clothing,CUST_220
2023-08-20,10,284.79,69.87,East,Electronics,CUST_393
2023-08-20,11,450.32,33.33,South,Furniture,CUST_448
2023-08-20,8,196.02,-46.85,West,Furniture,CUST_129
2023-08-20,8,109.65,62.27,South,Food,CUST_460
2023-08-21,14,395.61,-24.48,South,Furniture,CUST_489
2023-08-21,5,329.07,53.85,South,Furniture,CUST_311
2023-08-21,3,499.17,45.49,South,Clothing,CUST_30
2023-08-21,12,165.31,34.09,South,Furniture,CUST_72
2023-08-21,7,278.61,165.26,East,Furniture,CUST_348
2023-08-21,4,141.12,56.49,West,Food,CUST_175
2023-08-21,7,304.93,52.54,North,Electronics,CUST_122
2023-08-21,5,24.97,96.36,South,Electronics,CUST_421
2023-08-22,8,272.94,121.76,North,Clothing,CUST_68
2023-08-22,3,357.06,140.33,North,Food,CUST_111
2023-08-22,14,121.84,100.3,South,Clothing,CUST_164
2023-08-23,1,189.03,114.06,South,Clothing,CUST_293
2023-08-23,9,270.13,-11.11,East,Food,CUST_483
2023-08-24,14,304.22,-40.64,West,Furniture,CUST_232
2023-08-24,9,141.94,194.69,West,Clothing,CUST_488
2023-08-24,8,32.8,185.74,North,Clothing,CUST_36
2023-08-24,2,97.98,78.11,South,Electronics,CUST_485
2023-08-24,11,231.74,36.82,South,Clothing,CUST_277
2023-08-25,10,127.91,29.37,North,Clothing,CUST_462
2023-08-25,6,200.89,91.7,North,Electronics,CUST_485
2023-08-25,12,157.67,19.33,South,Clothing,CUST_32
2023-08-25,8,435.2,35.73,East,Food,CUST_103
2023-08-25,3,208.92,0.87,North,Electronics,CUST_49
2023-08-26,5,81.68,81.34,North,Electronics,CUST_301
2023-08-27,4,416.79,3.65,North,Food,CUST_218
2023-08-27,5,135.23,11.29,North,Furniture,CUST_352
2023-08-27,6,195.9,107.99,South,Clothing,CUST_132
2023-08-27,13,215.72,181.34,West,Electronics,CUST_151
2023-08-28,12,167.17,-17.44,West,Clothing,CUST_489
2023-08-28,6,393.71,106.32,South,Food,CUST_71
2023-08-28,2,22.84,4.08,West,Clothing,CUST_388
2023-08-28,1,32.01,86.33,East,Electronics,CUST_424
2023-08-28,9,114.37,79.25,West,Food,CUST_94
2023-08-29,14,97.21,187.56,South,Electronics,CUST_169
2023-08-29,6,208.14,-31.64,North,Clothing,CUST_370
2023-08-29,6,299.25,-22.32,South,Food,CUST_182
2023-08-29,1,350.47,32.79,East,Electronics,CUST_28
2023-08-30,7,260.76,117.67,West,Furniture,CUST_74
2023-08-30,10,264.87,98.47,East,Clothing,CUST_218
2023-08-30,4,478.11,174.42,South,Food,CUST_345
2023-08-30,9,143.36,-46.23,East,Furniture,CUST_252
2023-08-30,14,328.58,0.13,South,Electronics,CUST_314
2023-08-31,4,135.59,109.89,North,Food,CUST_88
2023-08-31,2,50.18,146.3,East,Electronics,CUST_386
2023-08-31,4,207.84,79.86,West,Furniture,CUST_424
2023-08-31,7,419.28,66.22,North,Furniture,CUST_437
2023-08-31,7,315.08,-13.44,East,Food,CUST_366
2023-08-31,2,438.78,93.82,South,Electronics,CUST_79
2023-08-31,4,221.48,72.35,South,Food,CUST_142
2023-08-31,4,119.31,94.97,West,Furniture,CUST_322
2023-09-01,10,84.03,-17.02,South,Clothing,CUST_437
2023-09-01,13,46.76,-28.31,West,Electronics,CUST_165
2023-09-01,9,243.5,65.51,North,Furniture,CUST_164
2023-09-01,11,51.3,57.09,West,Furniture,CUST_332
2023-09-02,6,32.66,189.94,East,Electronics,CUST_493
2023-09-02,9,277.02,48.64,East,Clothing,CUST_380
2023-09-02,7,376.53,78.39,West,Food,CUST_399
2023-09-02,8,340.15,79.83,East,Food,CUST_43
2023-09-02,11,291.83,86.59,East,Electronics,CUST_243
2023-09-02,6,371.66,69.85,North,Furniture,CUST_470
2023-09-02,10,397.16,193.57,South,Furniture,CUST_10
2023-09-02,7,88.02,-37.55,West,Clothing,CUST_249
2023-09-02,2,165.83,179.88,West,Clothing,CUST_188
2023-09-03,5,471.51,88.68,North,Clothing,CUST_411
2023-09-03,4,128.4,64.07,North,Electronics,CUST_45
2023-09-03,9,46.56,76.18,East,Clothing,CUST_35
2023-09-03,5,326.99,128.94,South,Electronics,CUST_201
2023-09-03,8,292.13,-39.73,West,Food,CUST_30
2023-09-03,5,466.8,-8.26,North,Food,CUST_428
2023-09-04,12,308.59,142.98,North,Furniture,CUST_470
2023-09-04,1,419.61,191.06,East,Furniture,CUST_353
2023-09-04,10,401.64,131.42,West,Food,CUST_268
2023-09-04,9,495.19,96.12,East,Furniture,CUST_127
2023-09-05,2,142.87,-12.08,North,Furniture,CUST_123
2023-09-05,1,213.11,129.32,South,Furniture,CUST_200
2023-09-05,10,94.31,-5.45,North,Electronics,CUST_302
2023-09-05,10,315.26,146.94,East,Food,CUST_480
2023-09-05,11,150.34,131.25,North,Clothing,CUST_268
2023-09-05,12,240.73,35.46,North,Clothing,CUST_265
2023-09-05,6,51.91,-40.35,West,Food,CUST_101
2023-09-05,14,124.84,-45.59,East,Food,CUST_363
2023-09-06,2,60.46,37.45,West,Clothing,CUST_337
2023-09-06,3,309.97,172.35,South,Electronics,CUST_213
2023-09-06,9,241.65,191.58,East,Electronics,CUST_363
2023-09-06,5,256.02,91.96,East,Electronics,CUST_408
2023-09-07,5,216.23,62.47,South,Food,CUST_30
2023-09-07,10,404.38,187.53,North,Food,CUST_37
2023-09-07,1,144.99,56.58,West,Furniture,CUST_228
2023-09-07,5,423.93,20.39,South,Furniture,CUST_95
2023-09-07,11,438.63,188.72,East,Electronics,CUST_398
2023-09-08,9,119.02,152.89,East,Food,CUST_427
2023-09-08,6,463.86,38.07,East,Clothing,CUST_42
2023-09-08,1,162.57,80.94,North,Furniture,CUST_476
2023-09-08,1,215.23,-18.14,West,Clothing,CUST_403
2023-09-08,8,212.64,184.18,East,Furniture,CUST_169
2023-09-08,8,39.86,56.72,South,Furniture,CUST_282
2023-09-08,14,167.08,20.83,North,Electronics,CUST_396
2023-09-08,3,293.15,104.86,South,Clothing,CUST_376
2023-09-09,2,240.56,198.89,East,Furniture,CUST_393
2023-09-09,7,334.31,145.46,East,Clothing,CUST_311
2023-09-09,8,453.36,-10.28,West,Furniture,CUST_125
2023-09-10,14,117.09,146.7,North,Furniture,CUST_222
2023-09-10,3,257.7,-17.81,East,Food,CUST_288
2023-09-10,7,184.95,53.42,South,Furniture,CUST_136
2023-09-10,8,181.95,45.09,East,Electronics,CUST_254
2023-09-10,7,66.36,152.65,West,Food,CUST_318
2023-09-10,1,21.05,133.12,West,Food,CUST_466
2023-09-10,3,165.18,-41.02,North,Food,CUST_248
2023-09-10,4,159.89,38.15,South,Electronics,CUST_16
2023-09-11,9,197.64,107.97,North,Food,CUST_103
2023-09-11,12,192.29,192.42,West,Electronics,CUST_278
2023-09-11,8,126.56,16.25,West,Furniture,CUST_9
2023-09-11,7,211.92,148.33,West,Clothing,CUST_452
2023-09-12,9,452.32,7.35,North,Furniture,CUST_448
2023-09-12,5,169.82,185.36,East,Furniture,CUST_97
2023-09-12,12,486.31,43.82,West,Food,CUST_495
2023-09-12,6,315.82,15.93,North,Clothing,CUST_137
2023-09-12,12,73.54,186.24,North,Clothing,CUST_244
2023-09-12,13,23.12,92.2,West,Furniture,CUST_314
2023-09-12,14,337.34,-49.69,South,Electronics,CUST_397
2023-09-12,5,242.12,16.47,West,Clothing,CUST_430
2023-09-12,4,457.65,-30.5,West,Furniture,CUST_137
2023-09-13,13,398.1,167.93,West,Food,CUST_105
2023-09-13,10,421.09,17.01,West,Clothing,CUST_299
2023-09-13,9,213.57,196.86,South,Furniture,CUST_310
2023-09-13,4,454.93,81.64,East,Electronics,CUST_187
2023-09-13,7,385.81,1.83,East,Food,CUST_347
2023-09-14,14,147.7,133.66,West,Electronics,CUST_399
2023-09-14,9,218.77,87.88,West,Electronics,CUST_13
2023-09-14,5,336.71,181.51,South,Furniture,CUST_368
2023-09-14,11,33.67,188.2,North,Electronics,CUST_363
2023-09-15,10,185.05,74.58,South,Clothing,CUST_33
2023-09-15,7,250.05,86.95,East,Furniture,CUST_307
2023-09-15,6,351.06,-37.95,West,Furniture,CUST_196
2023-09-15,12,318.79,185.26,North,Electronics,CUST_364
2023-09-15,9,80.14,42.99,East,Furniture,CUST_121
2023-09-16,7,447.71,61.84,East,Electronics,CUST_377
2023-09-16,11,336.53,11.11,West,Furniture,CUST_206
2023-09-16,5,225.84,143.81,South,Clothing,CUST_81
2023-09-16,5,244.6,45.17,East,Furniture,CUST_145
2023-09-16,7,451.34,34.53,East,Food,CUST_185
2023-09-16,7,94.84,167.04,South,Furniture,CUST_274
2023-09-17,12,334.19,159.1,North,Electronics,CUST_156
2023-09-17,9,118.75,82.44,South,Electronics,CUST_493
2023-09-17,10,30.39,47.97,East,Clothing,CUST_384
2023-09-17,7,218.9,138.74,East,Furniture,CUST_454
2023-09-17,13,331.24,-10.09,West,Clothing,CUST_494
2023-09-18,13,233.11,16.34,West,Furniture,CUST_264
2023-09-19,9,351.01,71.43,North,Electronics,CUST_325
2023-09-19,12,496.75,154.09,South,Clothing,CUST_234
2023-09-19,8,74.03,117.86,North,Furniture,CUST_222
2023-09-19,6,370.49,60.59,South,Food,CUST_454
2023-09-20,1,460.1,52.5,South,Electronics,CUST_33
2023-09-20,8,75.85,160.4,West,Clothing,CUST_200
2023-09-20,4,54.47,3.25,South,Electronics,CUST_133
2023-09-20,11,306.98,73.1,East,Furniture,CUST_479
2023-09-20,5,454.1,57.15,West,Clothing,CUST_200
2023-09-20,11,80.75,82.63,West,Food,CUST_217
2023-09-20,4,173.63,27.48,West,Furniture,CUST_52
2023-09-20,13,426.39,176.87,North,Food,CUST_374
2023-09-21,5,71.24,-49.96,South,Clothing,CUST_16
2023-09-21,13,53.84,-44.47,North,Clothing,CUST_83
2023-09-21,13,87.35,183.45,South,Furniture,CUST_247
2023-09-21,13,379.17,159.28,North,Clothing,CUST_87
2023-09-21,3,217.24,22.99,East,Electronics,CUST_374
2023-09-21,6,176.84,2.92,North,Food,CUST_170
2023-09-21,13,186.88,50.08,West,Food,CUST_493
2023-09-22,4,482.96,-25.83,West,Electronics,CUST_465
2023-09-22,4,25.55,127.0,North,Food,CUST_235
2023-09-22,1,410.19,-11.83,South,Clothing,CUST_378
2023-09-22,5,219.27,118.57,South,Electronics,CUST_238
2023-09-22,12,330.61,-31.54,South,Electronics,CUST_480
2023-09-22,1,229.65,-1.72,South,Electronics,CUST_456
2023-09-23,11,188.78,125.58,North,Food,CUST_385
2023-09-23,1,407.15,153.03,West,Clothing,CUST_216
2023-09-23,5,467.6,93.22,West,Electronics,CUST_166
2023-09-23,2,298.15,126.27,South,Food,CUST_300
2023-09-24,14,473.62,-39.53,East,Food,CUST_141
2023-09-24,8,337.84,13.63,North,Electronics,CUST_459
2023-09-24,9,389.33,179.98,North,Clothing,CUST_280
2023-09-24,10,64.86,93.09,East,Clothing,CUST_221
2023-09-24,4,328.97,76.89,West,Food,CUST_479
2023-09-25,11,488.27,39.09,West,Clothing,CUST_225
2023-09-25,11,191.54,-21.48,West,Electronics,CUST_264
2023-09-25,13,306.94,88.49,West,Electronics,CUST_373
2023-09-25,14,341.24,183.54,West,Furniture,CUST_132
2023-09-26,3,55.68,7.45,South,Food,CUST_18
2023-09-26,3,74.51,2.23,West,Electronics,CUST_454
2023-09-26,9,332.99,51.2,North,Clothing,CUST_409
2023-09-26,14,286.74,137.44,North,Electronics,CUST_329
2023-09-26,12,250.75,122.04,North,Furniture,CUST_441
2023-09-26,1,499.91,26.94,West,Food,CUST_307
2023-09-26,7,402.53,86.2,North,Clothing,CUST_129
2023-09-26,9,36.51,67.28,North,Food,CUST_453
2023-09-27,5,162.11,172.09,West,Furniture,CUST_184
2023-09-27,9,354.67,-39.39,North,Electronics,CUST_471
2023-09-27,13,273.15,65.24,North,Clothing,CUST_499
2023-09-27,9,241.93,137.76,West,Clothing,CUST_379
2023-09-28,13,70.12,147.19,East,Clothing,CUST_334
2023-09-28,7,403.89,-46.08,North,Electronics,CUST_319
2023-09-29,8,49.82,136.27,East,Clothing,CUST_197
2023-09-29,5,250.02,41.55,North,Furniture,CUST_180
2023-09-29,4,394.2,47.26,West,Furniture,CUST_446
2023-09-29,10,453.32,86.7,East,Food,CUST_327
2023-09-29,4,295.96,11.59,North,Electronics,CUST_253
2023-09-30,5,114.47,68.64,East,Clothing,CUST_403
2023-09-30,8,132.17,194.6,West,Food,CUST_283
2023-09-30,10,424.54,186.28,East,Food,CUST_86
2023-09-30,11,426.52,11.76,North,Food,CUST_121
2023-10-01,13,405.74,196.36,East,Food,CUST_159
2023-10-01,14,100.74,126.07,North,Food,CUST_152
2023-10-01,2,326.42,5.23,East,Furniture,CUST_438
2023-10-01,10,474.64,123.97,South,Furniture,CUST_496
2023-10-01,13,351.3,-7.75,South,Furniture,CUST_343
2023-10-01,12,413.25,148.28,West,Food,CUST_453
2023-10-01,8,267.79,-41.03,East,Electronics,CUST_184
2023-10-01,4,316.97,24.11,South,Furniture,CUST_147
2023-10-01,8,446.1,-39.98,West,Electronics,CUST_376
2023-10-01,4,143.67,26.08,North,Clothing,CUST_292
2023-10-02,13,71.74,0.42,West,Food,CUST_217
2023-10-02,12,71.13,199.07,North,Food,CUST_198
2023-10-02,7,100.59,190.76,South,Electronics,CUST_333
2023-10-02,8,496.05,-7.44,South,Clothing,CUST_379
2023-10-02,10,445.67,175.79,South,Food,CUST_442
2023-10-03,4,177.08,41.27,South,Furniture,CUST_422
2023-10-03,5,85.63,5.69,South,Electronics,CUST_179
2023-10-03,12,499.7,-42.64,North,Clothing,CUST_125
2023-10-04,4,43.2,7.79,South,Furniture,CUST_321
2023-10-04,1,450.19,88.81,East,Clothing,CUST_216
2023-10-04,11,89.84,126.56,East,Food,CUST_319
2023-10-04,5,370.73,124.11,South,Furniture,CUST_146
2023-10-05,2,348.71,-24.3,South,Furniture,CUST_184
2023-10-05,11,474.17,88.19,East,Clothing,CUST_214
2023-10-05,7,20.76,-45.55,South,Furniture,CUST_102
2023-10-06,10,324.23,158.86,South,Clothing,CUST_375
2023-10-06,12,448.1,14.03,West,Clothing,CUST_35
2023-10-06,2,491.16,-37.52,East,Clothing,CUST_125
2023-10-06,10,288.07,0.01,South,Food,CUST_7
2023-10-06,3,269.85,-9.78,North,Electronics,CUST_264
2023-10-07,14,28.58,37.85,North,Food,CUST_288
2023-10-07,13,272.67,30.53,West,Food,CUST_340
2023-10-07,3,170.9,73.22,South,Food,CUST_136
2023-10-08,9,304.63,186.6,West,Clothing,CUST_78
2023-10-08,1,47.22,175.84,West,Electronics,CUST_292
2023-10-08,6,457.66,153.39,North,Furniture,CUST_238
2023-10-08,11,454.01,-3.0,West,Food,CUST_7
2023-10-08,13,449.48,193.49,East,Food,CUST_346
2023-10-08,12,287.34,5.36,South,Electronics,CUST_396
2023-10-08,2,39.92,30.62,West,Clothing,CUST_223
2023-10-08,11,221.57,81.17,North,Food,CUST_128
2023-10-09,6,96.63,18.18,North,Clothing,CUST_281
2023-10-09,10,103.97,142.13,North,Food,CUST_186
2023-10-09,8,335.63,142.86,North,Furniture,CUST_484
2023-10-09,5,180.96,-4.3,East,Furniture,CUST_31
2023-10-10,13,418.24,13.47,West,Food,CUST_77
2023-10-10,2,302.29,181.62,South,Electronics,CUST_193
2023-10-10,7,349.73,72.2,West,Furniture,CUST_193
2023-10-11,14,110.68,85.73,East,Electronics,CUST_384
2023-10-11,6,223.24,80.5,West,Furniture,CUST_307
2023-10-11,14,355.79,107.82,North,Electronics,CUST_312
2023-10-11,6,103.92,114.43,South,Food,CUST_239
2023-10-11,1,280.6,136.48,North,Electronics,CUST_136
2023-10-11,12,201.85,44.02,West,Food,CUST_274
2023-10-11,3,320.27,175.2,East,Clothing,CUST_287
2023-10-12,9,57.46,31.15,East,Food,CUST_25
2023-10-12,9,215.52,137.33,South,Food,CUST_49
2023-10-12,1,214.1,123.51,South,Food,CUST_250
2023-10-12,7,315.7,179.91,West,Furniture,CUST_172
2023-10-12,6,417.47,115.8,West,Furniture,CUST_355
2023-10-13,3,390.63,76.67,West,Electronics,CUST_13
2023-10-13,9,348.26,86.71,East,Clothing,CUST_144
2023-10-14,4,122.27,187.3,East,Electronics,CUST_452
2023-10-14,11,285.78,143.17,South,Food,CUST_86
2023-10-14,13,358.41,136.47,West,Clothing,CUST_330
2023-10-14,11,226.46,187.49,North,Furniture,CUST_481
2023-10-15,14,261.79,159.87,South,Electronics,CUST_267
2023-10-15,7,100.68,152.37,West,Clothing,CUST_389
2023-10-15,2,358.3,24.92,East,Furniture,CUST_468
2023-10-15,1,209.24,48.9,North,Clothing,CUST_321
2023-10-15,7,404.93,-43.63,South,Furniture,CUST_446
2023-10-15,4,109.3,190.48,North,Electronics,CUST_453
2023-10-16,14,69.58,39.89,South,Food,CUST_175
2023-10-16,7,373.67,166.12,South,Food,CUST_285
2023-10-16,3,294.36,127.24,North,Food,CUST_450
2023-10-16,1,167.71,60.09,East,Electronics,CUST_244
2023-10-17,2,65.99,159.27,East,Furniture,CUST_451
2023-10-17,13,409.54,102.52,East,Electronics,CUST_60
2023-10-17,3,392.76,-16.11,North,Electronics,CUST_3
2023-10-18,5,493.31,-10.92,West,Furniture,CUST_316
2023-10-18,1,162.56,126.27,North,Furniture,CUST_206
2023-10-18,1,256.48,187.48,South,Electronics,CUST_494
2023-10-18,7,156.47,164.57,South,Electronics,CUST_331
2023-10-19,1,185.82,22.35,North,Furniture,CUST_320
2023-10-19,7,251.96,88.92,North,Clothing,CUST_50
2023-10-19,14,499.84,-2.95,West,Furniture,CUST_165
2023-10-19,12,73.26,123.86,East,Furniture,CUST_258
2023-10-19,10,119.89,82.01,East,Electronics,CUST_229
2023-10-19,1,130.44,97.63,South,Furniture,CUST_122
2023-10-20,9,75.35,85.73,West,Food,CUST_6
2023-10-20,7,494.56,99.09,West,Electronics,CUST_58
2023-10-20,2,223.69,10.45,North,Electronics,CUST_126
2023-10-20,6,358.11,113.12,East,Food,CUST_476
2023-10-20,12,237.17,17.55,North,Clothing,CUST_153
2023-10-20,2,379.0,93.92,West,Furniture,CUST_444
2023-10-21,12,440.81,99.78,South,Clothing,CUST_80
2023-10-21,9,180.96,73.48,South,Electronics,CUST_238
2023-10-21,10,271.74,7.74,East,Electronics,CUST_421
2023-10-21,12,437.1,133.19,South,Clothing,CUST_468
2023-10-21,2,331.1,43.76,West,Clothing,CUST_148
2023-10-22,5,78.72,18.64,North,Furniture,CUST_236
2023-10-22,5,433.91,-30.38,West,Clothing,CUST_288
2023-10-22,1,53.92,33.09,South,Food,CUST_192
2023-10-22,2,211.71,21.98,East,Clothing,CUST_96
2023-10-22,14,366.2,-31.3,North,Clothing,CUST_168
2023-10-23,8,266.43,50.14,South,Clothing,CUST_371
2023-10-23,12,380.04,-8.39,South,Clothing,CUST_167
2023-10-23,14,478.65,136.17,East,Electronics,CUST_481
2023-10-23,9,36.13,6.12,East,Clothing,CUST_252
2023-10-23,2,409.03,-8.48,North,Clothing,CUST_354
2023-10-23,11,191.0,-32.46,West,Food,CUST_83
2023-10-23,11,348.55,112.86,North,Clothing,CUST_16
2023-10-23,6,298.23,28.64,South,Food,CUST_177
2023-10-23,3,87.08,148.61,North,Clothing,CUST_390
2023-10-23,10,34.54,-21.15,South,Food,CUST_365
2023-10-23,11,494.81,156.12,East,Clothing,CUST_498
2023-10-23,3,256.65,75.55,West,Food,CUST_68
2023-10-23,6,85.4,197.49,West,Clothing,CUST_406
2023-10-24,11,400.64,-27.72,East,Food,CUST_413
2023-10-24,6,379.32,191.25,South,Clothing,CUST_376
2023-10-24,13,174.28,81.49,East,Clothing,CUST_208
2023-10-24,6,281.21,8.22,South,Furniture,CUST_490
2023-10-24,11,303.97,97.34,West,Clothing,CUST_216
2023-10-24,7,241.88,33.15,South,Clothing,CUST_237
2023-10-24,14,465.2,38.87,West,Furniture,CUST_204
2023-10-24,3,424.62,173.58,South,Food,CUST_168
2023-10-24,11,143.08,-10.85,South,Clothing,CUST_364
2023-10-24,7,203.42,26.5,South,Electronics,CUST_399
2023-10-24,3,93.46,144.93,South,Furniture,CUST_391
2023-10-25,10,71.53,27.98,South,Food,CUST_470
2023-10-25,7,147.31,-21.33,North,Food,CUST_133
2023-10-25,10,25.05,65.58,South,Clothing,CUST_313
2023-10-25,5,493.91,58.19,South,Food,CUST_385
2023-10-25,2,444.52,-10.49,East,Clothing,CUST_221
2023-10-25,2,376.51,127.1,East,Electronics,CUST_407
2023-10-25,7,443.9,-38.05,East,Electronics,CUST_485
2023-10-25,4,22.82,83.94,North,Furniture,CUST_417
2023-10-26,9,145.44,191.19,North,Clothing,CUST_139
2023-10-26,11,245.5,168.92,South,Furniture,CUST_384
2023-10-26,7,228.52,149.27,East,Food,CUST_76
2023-10-26,11,322.87,184.6,West,Furniture,CUST_418
2023-10-26,10,353.06,156.15,East,Electronics,CUST_34
2023-10-26,5,397.6,123.96,West,Furniture,CUST_154
2023-10-27,8,236.52,-14.16,South,Food,CUST_289
2023-10-27,14,401.15,111.04,West,Food,CUST_88
2023-10-27,2,54.5,128.87,West,Furniture,CUST_353
2023-10-27,6,354.41,71.49,West,Furniture,CUST_337
2023-10-28,4,342.05,164.66,South,Clothing,CUST_217
2023-10-28,6,483.68,52.62,East,Food,CUST_136
2023-10-28,11,147.35,165.11,East,Food,CUST_167
2023-10-28,6,413.87,157.07,North,Furniture,CUST_466
2023-10-28,14,262.68,-20.79,West,Furniture,CUST_392
2023-10-28,7,148.64,134.27,East,Electronics,CUST_234
2023-10-28,7,28.56,114.76,North,Electronics,CUST_490
2023-10-29,1,215.84,46.98,East,Clothing,CUST_15
2023-10-29,11,403.88,154.23,East,Electronics,CUST_142
2023-10-29,1,369.01,-22.49,West,Clothing,CUST_125
2023-10-29,9,248.04,127.6,North,Food,CUST_485
2023-10-30,3,339.97,157.85,North,Food,CUST_3
2023-10-30,13,284.98,80.94,South,Food,CUST_263
2023-10-30,8,91.41,63.22,South,Electronics,CUST_432
2023-10-30,3,234.8,135.04,South,Clothing,CUST_458
2023-10-30,10,243.98,95.6,North,Food,CUST_420
2023-10-31,11,213.55,90.49,North,Food,CUST_213
2023-10-31,3,171.92,-19.87,East,Food,CUST_389
2023-10-31,2,76.81,51.88,North,Clothing,CUST_32
2023-11-01,5,392.67,83.02,West,Electronics,CUST_122
2023-11-01,9,389.16,-28.36,South,Clothing,CUST_132
2023-11-01,4,369.75,157.58,West,Clothing,CUST_475
2023-11-01,1,236.68,21.01,West,Clothing,CUST_410
2023-11-01,1,97.3,107.16,North,Electronics,CUST_279
2023-11-01,12,262.23,-23.72,West,Clothing,CUST_224
2023-11-02,12,456.57,131.42,North,Furniture,CUST_16
2023-11-02,6,225.25,-39.02,West,Food,CUST_478
2023-11-03,5,54.24,176.26,East,Furniture,CUST_232
2023-11-03,10,76.39,106.55,West,Electronics,CUST_390
2023-11-03,7,321.23,155.32,South,Electronics,CUST_486
2023-11-03,1,344.02,166.02,West,Electronics,CUST_41
2023-11-03,2,118.9,60.83,West,Clothing,CUST_127
2023-11-03,5,30.17,-40.67,East,Food,CUST_364
2023-11-03,5,341.1,-18.24,East,Furniture,CUST_309
2023-11-03,11,223.82,135.56,East,Food,CUST_153
2023-11-04,2,81.57,16.8,West,Furniture,CUST_385
2023-11-04,14,419.17,73.21,North,Electronics,CUST_165
2023-11-04,3,47.01,6.69,West,Food,CUST_359
2023-11-04,4,350.29,112.54,West,Food,CUST_30
2023-11-05,10,92.32,-37.05,West,Furniture,CUST_370
2023-11-05,3,313.89,17.98,North,Food,CUST_265
2023-11-05,12,98.86,171.5,South,Clothing,CUST_413
2023-11-05,8,400.85,95.49,East,Clothing,CUST_70
2023-11-05,7,452.71,176.73,North,Food,CUST_472
2023-11-05,4,76.21,148.67,South,Clothing,CUST_134
2023-11-05,9,116.01,153.85,South,Food,CUST_32
2023-11-05,6,478.8,9.46,West,Clothing,CUST_92
2023-11-06,5,168.79,131.94,East,Food,CUST_246
2023-11-06,6,427.75,6.93,East,Furniture,CUST_64
2023-11-06,10,78.34,144.91,East,Furniture,CUST_334
2023-11-07,6,37.53,43.54,South,Electronics,CUST_6
2023-11-07,7,86.13,199.02,North,Furniture,CUST_27
2023-11-07,3,206.1,109.16,North,Food,CUST_379
2023-11-07,11,454.87,148.18,North,Clothing,CUST_399
2023-11-08,8,134.61,-2.39,East,Furniture,CUST_54
2023-11-09,14,247.6,85.18,South,Furniture,CUST_65
2023-11-09,2,456.06,135.82,East,Food,CUST_44
2023-11-09,2,271.1,67.6,West,Furniture,CUST_269
2023-11-10,7,287.34,80.63,North,Food,CUST_349
2023-11-10,6,489.97,125.94,West,Clothing,CUST_42
2023-11-10,3,480.59,105.52,West,Electronics,CUST_231
2023-11-10,13,377.82,176.18,West,Electronics,CUST_283
2023-11-11,4,125.11,187.12,West,Electronics,CUST_63
2023-11-11,14,152.98,-40.3,North,Electronics,CUST_320
2023-11-11,9,362.75,148.89,West,Furniture,CUST_221
2023-11-11,2,238.91,50.47,North,Electronics,CUST_232
2023-11-12,1,386.02,41.82,North,Clothing,CUST_114
2023-11-12,4,204.3,-20.91,East,Food,CUST_118
2023-11-12,5,61.98,142.24,South,Clothing,CUST_59
2023-11-12,3,41.94,50.42,South,Clothing,CUST_396
2023-11-12,14,254.45,2.3,North,Clothing,CUST_201
2023-11-13,10,42.2,-0.47,North,Furniture,CUST_125
2023-11-13,5,382.78,89.24,North,Furniture,CUST_133
2023-11-13,6,280.78,161.98,East,Electronics,CUST_234
2023-11-13,11,402.63,166.88,West,Food,CUST_147
2023-11-13,3,442.11,132.4,South,Clothing,CUST_297
2023-11-14,12,141.35,-12.57,North,Food,CUST_173
2023-11-14,9,324.48,116.77,East,Clothing,CUST_345
2023-11-14,11,380.66,132.68,East,Electronics,CUST_137
2023-11-15,10,419.6,127.86,North,Electronics,CUST_98
2023-11-15,2,302.09,53.95,South,Food,CUST_138
2023-11-16,1,200.55,-46.48,North,Clothing,CUST_11
2023-11-16,7,135.71,67.35,North,Food,CUST_68
2023-11-16,9,116.4,130.17,East,Food,CUST_60
2023-11-16,12,290.54,56.41,West,Furniture,CUST_213
2023-11-16,1,264.43,142.61,North,Food,CUST_485
2023-11-16,5,343.12,190.22,South,Clothing,CUST_491
2023-11-16,6,90.46,155.81,East,Furniture,CUST_407
2023-11-16,7,320.78,120.54,South,Electronics,CUST_190
2023-11-16,8,329.67,40.83,South,Furniture,CUST_497
2023-11-16,13,409.69,148.94,East,Food,CUST_444
2023-11-16,13,392.47,-4.54,West,Furniture,CUST_280
2023-11-17,8,436.62,-41.0,West,Furniture,CUST_376
2023-11-17,1,477.27,119.97,South,Clothing,CUST_263
2023-11-17,11,47.31,-12.47,West,Food,CUST_409
2023-11-17,3,372.06,-43.29,East,Furniture,CUST_129
2023-11-17,4,309.79,63.56,East,Electronics,CUST_471
2023-11-18,8,183.52,61.15,East,Food,CUST_391
2023-11-18,4,177.17,39.19,South,Electronics,CUST_491
2023-11-18,6,181.66,0.36,North,Furniture,CUST_163
2023-11-18,14,95.19,-12.29,East,Electronics,CUST_272
2023-11-18,11,291.82,162.44,East,Clothing,CUST_27
2023-11-19,14,65.24,-21.42,East,Electronics,CUST_86
2023-11-19,10,116.73,85.84,West,Clothing,CUST_277
2023-11-19,5,94.16,38.83,South,Furniture,CUST_52
2023-11-19,5,493.51,144.22,West,Furniture,CUST_382
2023-11-19,1,127.94,-37.21,North,Furniture,CUST_267
2023-11-19,6,354.87,-44.77,South,Electronics,CUST_219
2023-11-19,8,370.64,149.49,West,Electronics,CUST_100
2023-11-20,12,265.86,89.85,North,Food,CUST_397
2023-11-20,12,333.25,98.31,East,Food,CUST_42
2023-11-20,4,210.25,-16.83,North,Furniture,CUST_170
2023-11-21,8,446.24,21.23,South,Electronics,CUST_262
2023-11-21,13,471.98,7.35,West,Clothing,CUST_250
2023-11-21,14,27.47,109.74,South,Furniture,CUST_321
2023-11-21,12,89.53,45.03,West,Food,CUST_150
2023-11-21,1,61.03,180.56,East,Food,CUST_403
2023-11-21,11,250.7,-20.55,North,Food,CUST_90
2023-11-21,7,350.61,10.45,East,Clothing,CUST_173
2023-11-21,11,454.11,125.04,South,Clothing,CUST_373
2023-11-22,13,232.09,-23.92,North,Furniture,CUST_275
2023-11-22,7,443.2,120.71,East,Electronics,CUST_376
2023-11-22,5,38.56,174.25,North,Food,CUST_26
2023-11-22,12,260.82,190.8,South,Furniture,CUST_11
2023-11-22,9,62.11,155.43,South,Clothing,CUST_302
2023-11-23,7,440.88,152.61,East,Food,CUST_199
2023-11-23,5,97.57,-23.68,West,Furniture,CUST_201
2023-11-23,6,294.49,89.32,North,Food,CUST_271
2023-11-24,4,497.37,89.54,West,Furniture,CUST_322
2023-11-24,1,434.17,108.19,East,Furniture,CUST_15
2023-11-24,2,473.6,-9.31,East,Furniture,CUST_0
2023-11-24,1,410.3,13.02,West,Food,CUST_71
2023-11-24,4,454.21,35.79,East,Clothing,CUST_22
2023-11-24,3,417.73,118.25,West,Electronics,CUST_62
2023-11-25,4,85.86,155.97,East,Food,CUST_155
2023-11-25,7,132.62,-19.07,West,Food,CUST_497
2023-11-25,13,22.72,188.15,West,Electronics,CUST_41
2023-11-25,6,363.05,156.17,South,Electronics,CUST_332
2023-11-26,5,73.42,6.94,West,Furniture,CUST_178
2023-11-26,11,76.43,165.64,North,Clothing,CUST_146
2023-11-26,14,28.37,172.9,South,Clothing,CUST_409
2023-11-26,1,491.21,161.47,North,Clothing,CUST_142
2023-11-26,3,146.56,147.93,West,Clothing,CUST_396
2023-11-27,4,129.53,-4.18,South,Furniture,CUST_438
2023-11-27,11,454.93,168.69,West,Food,CUST_179
2023-11-27,9,458.1,21.29,South,Electronics,CUST_5
2023-11-28,9,146.27,145.46,East,Clothing,CUST_128
2023-11-28,9,215.71,73.48,North,Clothing,CUST_342
2023-11-29,8,161.26,-31.78,North,Food,CUST_8
2023-11-29,12,383.3,-14.34,West,Furniture,CUST_350
2023-11-29,7,256.2,-4.53,North,Clothing,CUST_42
2023-11-29,1,223.83,34.03,East,Furniture,CUST_429
2023-11-29,4,79.76,89.09,West,Clothing,CUST_63
2023-11-29,6,198.65,-11.82,West,Electronics,CUST_341
2023-11-29,6,352.54,112.84,North,Furniture,CUST_31
2023-11-29,10,125.0,199.29,East,Food,CUST_208
2023-11-30,1,153.66,-43.99,North,Clothing,CUST_143
2023-11-30,13,138.33,15.63,East,Furniture,CUST_356
2023-11-30,5,409.75,114.76,East,Furniture,CUST_196
2023-11-30,7,353.05,52.74,East,Furniture,CUST_169
2023-11-30,12,315.44,102.22,North,Food,CUST_332
2023-11-30,12,472.45,9.23,North,Electronics,CUST_417
2023-11-30,7,76.83,57.41,North,Electronics,CUST_388
2023-12-01,9,291.95,175.5,South,Food,CUST_460
2023-12-01,11,58.23,147.72,North,Electronics,CUST_183
2023-12-01,10,73.28,18.26,West,Clothing,CUST_23
2023-12-01,4,280.23,-39.49,West,Food,CUST_369
2023-12-01,1,416.91,7.81,South,Food,CUST_242
2023-12-01,5,141.86,171.19,North,Clothing,CUST_61
2023-12-01,1,387.74,-6.49,East,Furniture,CUST_21
2023-12-01,2,317.19,143.46,West,Furniture,CUST_430
2023-12-01,12,338.79,62.31,South,Clothing,CUST_253
2023-12-01,7,370.12,142.41,South,Clothing,CUST_223
2023-12-02,6,468.58,164.3,South,Furniture,CUST_454
2023-12-02,14,163.69,172.4,East,Electronics,CUST_135
2023-12-02,4,108.26,110.53,South,Furniture,CUST_290
2023-12-03,1,478.41,179.97,East,Electronics,CUST_47
2023-12-03,9,241.93,91.69,South,Food,CUST_17
2023-12-03,12,149.0,-2.3,West,Electronics,CUST_263
2023-12-03,9,368.71,40.81,South,Furniture,CUST_426
2023-12-03,8,204.06,-24.67,South,Food,CUST_73
2023-12-03,7,265.99,61.13,West,Clothing,CUST_356
2023-12-04,12,245.28,151.8,South,Food,CUST_371
2023-12-04,2,273.35,5.26,East,Clothing,CUST_52
2023-12-04,2,435.6,152.02,North,Clothing,CUST_246
2023-12-04,9,175.64,-15.04,East,Food,CUST_221
2023-12-04,12,206.9,122.71,West,Electronics,CUST_7
2023-12-04,4,87.48,134.44,North,Food,CUST_199
2023-12-05,7,141.09,166.41,South,Electronics,CUST_271
2023-12-05,7,257.95,47.47,South,Electronics,CUST_464
2023-12-05,4,220.7,63.2,East,Clothing,CUST_335
2023-12-05,13,160.59,-14.29,East,Clothing,CUST_118
2023-12-05,14,251.99,-45.91,South,Food,CUST_50
2023-12-05,5,109.83,63.6,North,Electronics,CUST_146
2023-12-05,10,118.67,97.03,North,Furniture,CUST_107
2023-12-06,10,94.55,193.37,East,Food,CUST_189
2023-12-06,9,119.09,-36.92,East,Food,CUST_266
2023-12-06,10,400.49,83.9,East,Clothing,CUST_143
2023-12-07,14,60.07,36.37,South,Furniture,CUST_432
2023-12-08,3,56.77,25.35,West,Furniture,CUST_467
2023-12-08,3,367.74,176.96,South,Furniture,CUST_43
2023-12-09,11,380.55,-2.31,North,Clothing,CUST_197
2023-12-09,5,93.49,59.93,South,Electronics,CUST_391
2023-12-10,14,334.6,90.94,West,Food,CUST_25
2023-12-10,4,267.86,120.04,West,Furniture,CUST_439
2023-12-10,5,416.14,-23.49,South,Furniture,CUST_234
2023-12-10,3,221.63,64.56,South,Furniture,CUST_50
2023-12-10,4,268.6,61.74,East,Clothing,CUST_130
2023-12-10,3,345.18,52.46,East,Clothing,CUST_464
2023-12-10,4,327.17,27.56,West,Clothing,CUST_12
2023-12-10,4,428.09,164.36,North,Clothing,CUST_468
2023-12-11,3,207.28,132.99,South,Furniture,CUST_391
2023-12-11,11,214.92,-33.41,East,Food,CUST_55
2023-12-11,7,203.74,-18.89,West,Electronics,CUST_110
2023-12-11,1,379.07,109.51,West,Furniture,CUST_74
2023-12-11,14,462.86,54.34,South,Clothing,CUST_71
2023-12-11,5,424.73,106.64,North,Clothing,CUST_386
2023-12-11,6,495.28,39.03,North,Food,CUST_152
2023-12-11,6,45.46,35.85,East,Furniture,CUST_135
2023-12-11,12,155.43,187.76,West,Food,CUST_458
2023-12-12,10,315.03,22.43,West,Electronics,CUST_77
2023-12-12,11,39.19,30.62,East,Clothing,CUST_319
2023-12-12,6,102.49,117.8,North,Clothing,CUST_67
2023-12-13,1,383.83,127.98,South,Furniture,CUST_363
2023-12-13,1,172.53,133.63,South,Clothing,CUST_325
2023-12-13,3,192.74,174.56,West,Food,CUST_332
2023-12-14,2,129.64,117.45,East,Food,CUST_45
2023-12-14,11,366.57,118.43,North,Furniture,CUST_12
2023-12-15,13,354.56,165.35,North,Food,CUST_193
2023-12-15,13,163.22,132.5,South,Clothing,CUST_424
2023-12-15,4,423.64,194.46,North,Electronics,CUST_478
2023-12-15,10,255.41,57.39,East,Food,CUST_465
2023-12-15,2,217.76,-41.2,North,Food,CUST_360
2023-12-15,5,421.07,195.65,West,Food,CUST_55
2023-12-15,9,350.35,180.58,North,Furniture,CUST_181
2023-12-15,2,309.85,164.21,East,Clothing,CUST_376
2023-12-15,2,212.45,30.06,West,Food,CUST_169
2023-12-15,1,345.61,32.68,North,Furniture,CUST_341
2023-12-16,7,225.15,196.45,East,Clothing,CUST_397
2023-12-16,2,357.16,177.45,East,Electronics,CUST_231
2023-12-16,6,33.2,-21.34,East,Electronics,CUST_154
2023-12-16,4,282.52,159.1,North,Food,CUST_145
2023-12-16,9,91.92,21.48,East,Food,CUST_108
2023-12-17,4,399.32,16.02,North,Electronics,CUST_48
2023-12-17,1,72.51,199.56,East,Clothing,CUST_384
2023-12-17,12,194.86,42.18,East,Furniture,CUST_149
2023-12-17,10,223.06,-0.87,West,Furniture,CUST_483
2023-12-17,10,214.59,-22.51,West,Clothing,CUST_274
2023-12-18,9,236.98,55.48,South,Furniture,CUST_61
2023-12-18,13,405.56,77.56,East,Furniture,CUST_347
2023-12-18,7,43.55,152.23,East,Electronics,CUST_23
2023-12-19,13,263.26,15.46,North,Electronics,CUST_180
2023-12-19,13,153.25,142.39,North,Furniture,CUST_419
2023-12-19,3,92.6,33.79,East,Furniture,CUST_466
2023-12-19,5,75.87,40.95,East,Furniture,CUST_494
2023-12-19,6,407.07,-38.43,East,Furniture,CUST_425
2023-12-20,10,406.86,23.84,North,Furniture,CUST_18
2023-12-20,5,477.97,64.7,North,Furniture,CUST_157
2023-12-21,2,384.15,-1.44,West,Clothing,CUST_138
2023-12-21,10,488.93,-6.9,East,Electronics,CUST_484
2023-12-21,10,298.05,63.75,South,Electronics,CUST_320
2023-12-21,1,298.56,165.26,West,Electronics,CUST_359
2023-12-21,6,316.03,11.9,North,Clothing,CUST_235
2023-12-21,4,367.15,85.7,South,Clothing,CUST_150
2023-12-21,13,50.17,180.48,South,Electronics,CUST_63
2023-12-21,6,444.24,110.91,North,Food,CUST_170
2023-12-21,2,105.73,-29.54,North,Food,CUST_9
2023-12-22,7,418.9,56.04,South,Electronics,CUST_305
2023-12-22,9,401.7,6.14,East,Food,CUST_483
2023-12-22,13,493.84,1.78,North,Electronics,CUST_341
2023-12-22,11,142.82,32.61,West,Electronics,CUST_402
2023-12-22,11,407.6,24.48,South,Clothing,CUST_172
2023-12-23,9,389.66,49.03,West,Food,CUST_110
2023-12-23,14,152.83,-34.67,East,Clothing,CUST_362
2023-12-23,11,180.03,79.53,West,Electronics,CUST_92
2023-12-24,3,352.5,189.26,West,Clothing,CUST_271
2023-12-24,8,306.33,106.2,West,Electronics,CUST_408
2023-12-25,7,210.52,115.93,West,Clothing,CUST_318
2023-12-25,10,223.92,43.68,North,Clothing,CUST_236
2023-12-25,3,364.3,-46.24,North,Furniture,CUST_239
2023-12-26,1,361.85,117.42,West,Electronics,CUST_65
2023-12-26,12,181.06,172.71,East,Furniture,CUST_296
2023-12-26,6,41.66,-21.07,East,Furniture,CUST_271
2023-12-26,3,414.92,104.9,North,Electronics,CUST_133
2023-12-26,2,237.52,15.95,East,Clothing,CUST_338
2023-12-27,8,109.65,198.56,South,Electronics,CUST_161
2023-12-27,1,344.29,125.16,West,Clothing,CUST_179
2023-12-27,8,458.56,116.0,West,Electronics,CUST_141
2023-12-27,1,428.37,-13.09,South,Electronics,CUST_99
2023-12-27,5,148.32,14.9,North,Electronics,CUST_229
2023-12-27,7,223.79,140.8,South,Clothing,CUST_95
2023-12-27,8,294.6,67.05,North,Clothing,CUST_193
2023-12-27,10,369.61,22.34,East,Electronics,CUST_401
2023-12-27,13,177.42,163.2,North,Clothing,CUST_0
2023-12-27,9,402.76,-4.56,North,Electronics,CUST_155
2023-12-27,6,444.86,50.15,West,Food,CUST_387
2023-12-27,12,400.01,-5.92,South,Furniture,CUST_333
2023-12-28,13,422.65,14.81,East,Furniture,CUST_109
2023-12-28,13,465.21,32.55,North,Clothing,CUST_289
2023-12-28,6,226.07,105.24,West,Clothing,CUST_211
2023-12-28,12,157.46,-0.16,West,Clothing,CUST_88
2023-12-28,2,424.95,-13.3,North,Electronics,CUST_31
2023-12-28,11,31.75,153.86,East,Electronics,CUST_384
2023-12-28,1,329.85,33.14,East,Clothing,CUST_169
2023-12-28,13,329.5,104.06,South,Food,CUST_493
2023-12-29,1,328.44,124.92,South,Food,CUST_234
2023-12-29,5,323.87,174.37,East,Clothing,CUST_137
2023-12-29,12,297.67,-12.83,West,Food,CUST_411
2023-12-29,13,206.61,96.25,West,Clothing,CUST_166
2023-12-30,2,396.52,41.27,South,Electronics,CUST_396
2023-12-30,6,115.39,70.05,North,Clothing,CUST_203
2023-12-30,8,426.11,190.94,East,Electronics,CUST_379
2023-12-30,14,103.86,79.35,North,Electronics,CUST_372
2023-12-30,10,462.46,112.76,East,Electronics,CUST_348
2023-12-30,9,356.36,93.28,North,Furniture,CUST_415
2023-12-31,2,357.99,62.55,East,Furniture,CUST_245
2023-12-31,7,280.53,134.28,North,Food,CUST_38
2023-12-31,1,366.87,191.13,West,Electronics,CUST_444
2023-12-31,7,424.82,21.48,West,Furniture,CUST_151
2023-12-31,4,424.79,194.9,East,Electronics,CUST_54
2024-01-01,13,78.0,40.78,West,Furniture,CUST_420
2024-01-01,14,25.13,-33.53,West,Furniture,CUST_259
2024-01-01,1,309.04,85.21,East,Furniture,CUST_8
2024-01-02,14,212.36,185.45,West,Electronics,CUST_107
2024-01-02,1,105.55,52.06,South,Furniture,CUST_27
2024-01-02,3,384.53,83.41,East,Food,CUST_10
2024-01-02,8,209.77,16.06,East,Food,CUST_432
2024-01-02,7,301.94,43.07,East,Food,CUST_487
2024-01-02,6,486.08,29.2,West,Furniture,CUST_161
2024-01-02,10,96.46,149.2,North,Food,CUST_340
2024-01-02,13,81.7,-3.94,North,Electronics,CUST_369
2024-01-02,8,85.63,74.55,West,Electronics,CUST_18
2024-01-03,7,254.86,88.22,East,Clothing,CUST_223
2024-01-03,7,82.71,-30.81,South,Electronics,CUST_11
2024-01-03,7,467.15,126.2,West,Food,CUST_442
2024-01-03,12,364.77,-19.19,East,Furniture,CUST_403
2024-01-03,2,172.78,18.9,West,Food,CUST_128
2024-01-04,7,453.13,4.36,West,Food,CUST_47
2024-01-04,9,458.44,15.41,East,Furniture,CUST_327
2024-01-05,9,461.83,-46.76,East,Clothing,CUST_268
2024-01-05,6,189.62,-26.54,South,Electronics,CUST_330
2024-01-05,7,264.92,170.31,East,Electronics,CUST_426
2024-01-05,11,396.67,179.02,South,Electronics,CUST_190
2024-01-05,12,494.97,-2.96,West,Furniture,CUST_451
2024-01-06,5,381.35,134.46,South,Clothing,CUST_498
2024-01-06,10,150.15,102.14,South,Clothing,CUST_418
2024-01-06,8,295.8,83.29,East,Food,CUST_73
2024-01-06,10,308.95,41.53,North,Clothing,CUST_59
2024-01-06,2,320.71,71.13,South,Clothing,CUST_482
2024-01-07,4,180.85,190.45,South,Electronics,CUST_280
2024-01-07,11,366.41,36.53,East,Electronics,CUST_162
2024-01-08,5,128.69,134.45,West,Clothing,CUST_319
2024-01-08,7,20.31,155.32,South,Clothing,CUST_380
2024-01-08,3,265.78,1.36,West,Electronics,CUST_247
2024-01-08,7,93.58,6.19,West,Electronics,CUST_288
2024-01-08,2,419.36,36.64,West,Food,CUST_187
2024-01-08,13,44.9,146.25,East,Furniture,CUST_90
2024-01-09,2,315.72,36.99,West,Electronics,CUST_115
2024-01-09,14,483.39,169.26,East,Electronics,CUST_387
2024-01-09,14,326.1,-45.45,South,Furniture,CUST_403
2024-01-09,9,446.62,131.28,West,Clothing,CUST_499
2024-01-09,2,313.71,198.25,East,Furniture,CUST_177
2024-01-10,12,409.9,62.55,North,Electronics,CUST_343
2024-01-10,13,454.23,1.27,West,Electronics,CUST_484
2024-01-10,8,138.08,176.81,East,Clothing,CUST_83
2024-01-10,3,237.95,155.87,East,Furniture,CUST_335
2024-01-10,9,133.67,-39.27,West,Clothing,CUST_13
2024-01-11,1,269.33,109.93,West,Clothing,CUST_303
2024-01-11,13,135.24,71.51,West,Clothing,CUST_324
2024-01-11,10,88.57,137.77,South,Food,CUST_414
2024-01-12,7,77.93,198.29,South,Clothing,CUST_474
2024-01-12,5,238.57,174.84,South,Clothing,CUST_353
2024-01-12,12,240.02,63.97,East,Clothing,CUST_319
2024-01-12,1,493.44,27.82,West,Clothing,CUST_190
2024-01-12,6,287.18,141.07,West,Furniture,CUST_28
2024-01-13,6,200.67,10.91,South,Food,CUST_122
2024-01-13,8,247.12,-25.57,North,Electronics,CUST_114
2024-01-14,7,90.81,79.26,North,Clothing,CUST_379
2024-01-14,5,307.58,190.01,South,Clothing,CUST_214
2024-01-14,6,359.92,35.81,West,Furniture,CUST_190
2024-01-14,5,103.61,23.4,South,Furniture,CUST_30
2024-01-14,9,411.3,-45.0,West,Clothing,CUST_39
2024-01-15,4,188.05,77.98,North,Electronics,CUST_227
2024-01-15,1,480.38,165.04,West,Clothing,CUST_352
2024-01-16,13,458.62,60.07,South,Clothing,CUST_356
2024-01-16,1,384.04,72.92,North,Clothing,CUST_465
2024-01-16,8,374.2,190.57,West,Furniture,CUST_255
2024-01-16,10,309.74,84.35,West,Food,CUST_26
2024-01-17,13,380.52,128.95,East,Food,CUST_81
2024-01-17,12,377.23,-35.79,South,Food,CUST_496
2024-01-18,2,121.25,47.25,South,Furniture,CUST_18
2024-01-18,7,307.16,135.44,South,Electronics,CUST_250
2024-01-18,10,429.03,118.07,North,Food,CUST_197
2024-01-18,7,499.76,31.46,South,Food,CUST_127
2024-01-18,13,246.81,123.35,North,Furniture,CUST_334
2024-01-18,9,417.36,88.67,South,Furniture,CUST_299
2024-01-19,10,414.18,179.99,South,Clothing,CUST_251
2024-01-19,10,479.23,92.34,West,Electronics,CUST_451
2024-01-19,2,355.03,79.08,North,Clothing,CUST_120
2024-01-19,4,41.63,169.74,West,Clothing,CUST_452
2024-01-20,7,280.74,182.42,North,Furniture,CUST_184
2024-01-20,5,384.67,40.98,West,Food,CUST_174
2024-01-20,14,222.44,30.66,South,Food,CUST_406
2024-01-20,1,65.56,182.91,North,Electronics,CUST_224
2024-01-21,2,426.21,96.68,North,Electronics,CUST_484
2024-01-21,13,140.56,2.87,South,Food,CUST_38
2024-01-21,10,114.53,98.53,East,Food,CUST_445
2024-01-21,4,198.03,116.57,East,Food,CUST_91
2024-01-21,1,297.89,59.18,East,Electronics,CUST_119
2024-01-21,11,359.85,127.17,East,Electronics,CUST_71
2024-01-21,6,81.61,-48.05,West,Food,CUST_87
2024-01-22,12,327.9,72.83,North,Food,CUST_17
2024-01-22,3,65.88,162.68,South,Electronics,CUST_163
2024-01-22,9,470.84,173.09,East,Clothing,CUST_453
2024-01-22,12,220.01,173.21,North,Electronics,CUST_19
2024-01-22,11,89.2,131.34,South,Clothing,CUST_344
2024-01-22,12,97.56,0.32,South,Clothing,CUST_462
2024-01-23,7,34.69,-8.81,West,Furniture,CUST_449
2024-01-23,13,314.67,17.15,North,Clothing,CUST_84
2024-01-23,13,425.76,192.45,West,Furniture,CUST_102
2024-01-23,11,204.37,38.24,West,Clothing,CUST_431
2024-01-23,12,368.04,-40.39,North,Food,CUST_164
2024-01-24,12,182.8,22.25,West,Clothing,CUST_469
2024-01-24,1,144.68,199.57,North,Furniture,CUST_76
2024-01-24,2,376.64,127.28,South,Clothing,CUST_32
2024-01-24,8,42.89,132.78,West,Clothing,CUST_345
2024-01-24,6,338.89,136.23,North,Clothing,CUST_466
2024-01-24,12,310.98,-16.98,North,Food,CUST_382
2024-01-25,8,181.67,103.83,West,Clothing,CUST_419
2024-01-25,5,330.77,81.27,North,Clothing,CUST_444
2024-01-25,9,346.04,159.42,South,Food,CUST_326
2024-01-26,6,46.86,-36.97,South,Food,CUST_371
2024-01-26,6,259.29,105.03,North,Food,CUST_357
2024-01-26,7,80.8,136.08,East,Electronics,CUST_46
2024-01-26,6,122.98,96.83,West,Clothing,CUST_290
2024-01-27,13,421.28,188.42,East,Clothing,CUST_449
2024-01-27,14,328.52,45.37,South,Furniture,CUST_112
2024-01-27,2,190.62,-43.99,North,Electronics,CUST_276
2024-01-28,10,351.46,173.47,West,Electronics,CUST_112
2024-01-28,2,465.99,9.71,North,Electronics,CUST_432
2024-01-28,3,305.32,-0.84,East,Electronics,CUST_400
2024-01-28,11,444.42,154.08,North,Clothing,CUST_35
2024-01-28,4,268.62,11.28,South,Furniture,CUST_318
2024-01-28,8,29.02,107.69,West,Clothing,CUST_417
2024-01-28,3,234.37,-47.04,West,Food,CUST_361
2024-01-29,4,499.33,22.98,East,Food,CUST_119
2024-01-29,6,227.4,172.35,South,Food,CUST_158
2024-01-29,11,480.69,67.08,North,Clothing,CUST_136
2024-01-29,7,423.7,36.38,North,Electronics,CUST_435
2024-01-29,9,161.1,-13.32,North,Clothing,CUST_272
2024-01-29,7,90.92,133.91,East,Electronics,CUST_102
2024-01-29,1,307.35,109.62,West,Clothing,CUST_211
2024-01-29,7,481.75,66.05,East,Food,CUST_398
2024-01-30,7,186.86,-40.02,West,Electronics,CUST_188
2024-01-30,4,257.57,134.14,East,Furniture,CUST_452
2024-01-31,9,33.91,160.8,East,Clothing,CUST_295
2024-01-31,5,30.05,-41.97,East,Food,CUST_228
2024-01-31,3,78.3,99.27,West,Electronics,CUST_255
2024-01-31,9,77.64,176.24,West,Food,CUST_40
2024-01-31,1,235.03,124.64,East,Food,CUST_439
2024-01-31,12,366.31,15.53,East,Food,CUST_118
2024-01-31,11,35.66,97.74,East,Electronics,CUST_147
2024-01-31,6,379.14,138.09,North,Electronics,CUST_398
2024-02-01,7,24.84,34.52,North,Electronics,CUST_116
2024-02-01,12,163.99,133.66,North,Furniture,CUST_98
2024-02-01,1,95.0,125.15,West,Furniture,CUST_339
2024-02-01,3,102.42,-34.98,West,Food,CUST_360
2024-02-01,3,228.04,-18.3,South,Food,CUST_9
2024-02-02,7,476.34,144.48,South,Furniture,CUST_372
2024-02-02,9,176.82,197.77,East,Clothing,CUST_161
2024-02-02,6,181.87,40.91,East,Clothing,CUST_275
2024-02-02,13,426.8,31.15,South,Furniture,CUST_88
2024-02-02,9,147.92,-7.48,East,Furniture,CUST_113
2024-02-02,14,23.49,14.49,East,Food,CUST_79
2024-02-02,1,419.24,-0.24,West,Food,CUST_383
2024-02-02,14,381.17,-34.84,North,Clothing,CUST_231
2024-02-02,7,211.98,120.62,East,Food,CUST_90
2024-02-03,4,345.01,179.29,West,Furniture,CUST_169
2024-02-03,11,261.36,-26.13,South,Clothing,CUST_89
2024-02-03,7,95.76,11.83,South,Food,CUST_492
2024-02-03,9,161.01,2.65,West,Furniture,CUST_69
2024-02-03,4,345.75,65.53,East,Furniture,CUST_331
2024-02-04,4,229.41,-1.09,North,Furniture,CUST_439
2024-02-05,13,82.98,50.17,West,Clothing,CUST_67
2024-02-05,5,120.36,0.13,West,Electronics,CUST_337
2024-02-06,11,133.11,92.74,South,Electronics,CUST_449
2024-02-06,13,371.85,-10.94,South,Furniture,CUST_90
2024-02-06,1,498.62,120.84,South,Electronics,CUST_105
2024-02-06,8,211.68,51.22,East,Food,CUST_82
2024-02-06,5,326.59,112.97,East,Clothing,CUST_157
2024-02-07,10,430.28,106.2,West,Electronics,CUST_341
2024-02-07,12,171.93,66.08,West,Food,CUST_404
2024-02-07,3,352.32,96.01,West,Clothing,CUST_315
2024-02-08,11,32.23,66.36,East,Electronics,CUST_362
2024-02-08,4,329.37,133.16,West,Clothing,CUST_82
2024-02-08,1,159.86,42.4,North,Electronics,CUST_416
2024-02-09,10,53.62,-15.77,East,Food,CUST_315
2024-02-09,1,150.11,37.17,West,Clothing,CUST_453
2024-02-09,11,406.92,-21.82,East,Clothing,CUST_494
2024-02-09,10,483.71,56.51,West,Clothing,CUST_212
2024-02-09,8,369.33,124.33,East,Electronics,CUST_254
2024-02-09,12,203.08,-0.14,West,Electronics,CUST_9
2024-02-09,11,311.94,137.65,South,Clothing,CUST_178
2024-02-09,1,67.95,-35.27,East,Clothing,CUST_83
2024-02-10,3,412.36,-39.93,North,Electronics,CUST_73
2024-02-10,3,131.89,17.97,North,Electronics,CUST_258
2024-02-10,1,339.91,28.33,East,Furniture,CUST_13
2024-02-10,12,311.82,-40.61,East,Clothing,CUST_51
2024-02-10,1,363.2,108.34,North,Clothing,CUST_111
2024-02-11,8,57.25,73.5,West,Clothing,CUST_325
2024-02-11,8,418.9,5.0,South,Electronics,CUST_152
2024-02-11,9,209.09,124.65,West,Clothing,CUST_433
2024-02-11,9,144.17,170.95,East,Food,CUST_158
2024-02-11,6,292.11,-27.6,South,Furniture,CUST_309
2024-02-12,2,186.58,113.31,North,Electronics,CUST_430
2024-02-13,8,176.71,199.21,East,Food,CUST_56
2024-02-13,4,21.52,158.13,East,Furniture,CUST_230
2024-02-13,2,209.35,71.01,West,Furniture,CUST_308
2024-02-13,12,30.54,52.16,North,Furniture,CUST_325
2024-02-13,7,143.09,167.29,West,Food,CUST_381
2024-02-14,3,178.78,181.31,West,Clothing,CUST_456
2024-02-14,8,180.57,-42.34,West,Electronics,CUST_253
2024-02-15,13,160.71,194.15,West,Electronics,CUST_387
2024-02-15,13,475.95,22.75,West,Food,CUST_312
2024-02-15,6,255.06,89.82,East,Food,CUST_46
2024-02-15,8,329.39,-9.91,South,Clothing,CUST_400
2024-02-15,12,235.68,-45.63,East,Clothing,CUST_249
2024-02-15,1,198.71,-7.42,North,Furniture,CUST_369
2024-02-15,5,307.0,39.42,East,Clothing,CUST_205
2024-02-16,10,285.81,164.89,North,Furniture,CUST_275
2024-02-16,14,415.85,81.36,West,Furniture,CUST_259
2024-02-16,11,370.99,-14.35,West,Clothing,CUST_40
2024-02-17,7,402.81,197.02,East,Electronics,CUST_428
2024-02-17,2,466.94,-24.03,East,Clothing,CUST_205
2024-02-17,10,27.3,-38.94,East,Furniture,CUST_317
2024-02-17,2,460.69,-34.13,East,Electronics,CUST_116
2024-02-17,10,493.49,29.52,North,Electronics,CUST_75
2024-02-17,13,168.44,8.87,North,Clothing,CUST_302
2024-02-17,1,488.98,95.65,West,Furniture,CUST_334
2024-02-18,1,305.49,129.18,West,Electronics,CUST_159
2024-02-18,2,102.01,92.81,East,Food,CUST_236
2024-02-18,10,180.09,43.85,South,Clothing,CUST_356
2024-02-18,4,172.04,-41.44,North,Furniture,CUST_404
2024-02-18,13,172.42,114.61,West,Clothing,CUST_476
2024-02-18,3,460.38,29.2,East,Electronics,CUST_351
2024-02-19,7,340.26,124.71,North,Electronics,CUST_477
2024-02-19,7,217.66,31.41,West,Electronics,CUST_181
2024-02-19,6,178.04,151.56,South,Clothing,CUST_149
2024-02-19,11,191.75,176.81,North,Clothing,CUST_90
2024-02-19,1,301.56,189.05,North,Clothing,CUST_464
2024-02-19,7,199.84,188.53,West,Clothing,CUST_311
2024-02-19,10,267.44,184.52,South,Furniture,CUST_442
2024-02-20,2,372.39,34.27,North,Furniture,CUST_432
2024-02-20,9,405.49,40.33,East,Electronics,CUST_357
2024-02-20,7,136.59,4.99,North,Furniture,CUST_112
2024-02-20,9,156.61,60.45,West,Clothing,CUST_217
2024-02-20,8,450.48,111.52,East,Electronics,CUST_247
2024-02-20,8,59.53,75.54,East,Furniture,CUST_179
2024-02-20,7,212.15,34.55,South,Food,CUST_53
2024-02-20,14,61.1,64.86,North,Furniture,CUST_227
2024-02-20,8,266.95,85.0,West,Clothing,CUST_455
2024-02-20,13,223.83,197.16,East,Electronics,CUST_369
2024-02-21,9,380.17,-39.97,West,Food,CUST_3
2024-02-21,5,435.08,-1.28,East,Food,CUST_219
2024-02-22,10,433.86,4.45,East,Food,CUST_92
2024-02-22,12,172.74,-41.89,East,Electronics,CUST_447
2024-02-22,4,313.0,148.01,East,Clothing,CUST_238
2024-02-22,10,45.92,56.41,East,Clothing,CUST_461
2024-02-23,7,135.01,188.44,West,Food,CUST_347
2024-02-23,11,364.81,135.27,East,Food,CUST_264
2024-02-23,10,155.36,84.47,West,Food,CUST_499
2024-02-23,3,140.25,30.21,South,Furniture,CUST_201
2024-02-23,2,156.88,33.3,South,Food,CUST_260
2024-02-23,9,355.78,147.19,East,Furniture,CUST_245
2024-02-24,4,167.57,82.85,West,Food,CUST_333
2024-02-24,10,45.61,139.15,North,Food,CUST_97
2024-02-24,9,148.65,90.54,South,Electronics,CUST_269
2024-02-24,13,236.83,123.54,West,Electronics,CUST_78
2024-02-24,7,89.17,-20.78,North,Electronics,CUST_109
2024-02-24,10,393.68,108.09,North,Electronics,CUST_409
2024-02-24,5,105.45,33.87,East,Furniture,CUST_258
2024-02-25,10,382.84,44.45,East,Clothing,CUST_79
2024-02-26,3,79.61,166.3,North,Clothing,CUST_209
2024-02-26,6,280.75,-20.77,West,Electronics,CUST_114
2024-02-26,6,250.89,25.66,East,Food,CUST_117
2024-02-26,5,27.14,111.86,East,Electronics,CUST_374
2024-02-27,6,185.37,24.73,North,Electronics,CUST_305
2024-02-27,3,241.41,26.6,North,Furniture,CUST_333
2024-02-27,9,365.05,33.8,North,Food,CUST_354
2024-02-28,5,491.3,88.95,West,Food,CUST_488
2024-02-28,2,374.02,90.03,South,Clothing,CUST_60
2024-02-28,3,428.53,-9.39,West,Food,CUST_396
2024-02-28,12,196.22,146.37,West,Clothing,CUST_111
2024-02-29,13,186.39,185.66,East,Electronics,CUST_276
2024-02-29,2,343.63,105.1,North,Furniture,CUST_259
2024-02-29,8,285.68,-16.65,South,Food,CUST_337
2024-02-29,10,45.64,30.79,South,Furniture,CUST_479
2024-02-29,5,300.45,196.44,West,Electronics,CUST_469
2024-03-01,3,252.27,158.95,North,Clothing,CUST_257
2024-03-01,13,146.35,13.91,West,Food,CUST_327
2024-03-01,6,280.42,-23.49,East,Clothing,CUST_326
2024-03-01,10,300.61,121.84,South,Electronics,CUST_57
2024-03-01,8,247.21,77.76,North,Food,CUST_495
2024-03-01,2,242.3,51.67,East,Food,CUST_29
2024-03-01,4,207.03,12.17,South,Food,CUST_379
2024-03-02,3,356.47,103.72,West,Clothing,CUST_114
2024-03-02,4,282.03,-24.0,South,Electronics,CUST_366
2024-03-02,6,359.06,183.97,North,Clothing,CUST_309
2024-03-02,3,278.31,100.21,North,Furniture,CUST_67
2024-03-02,11,341.77,34.96,East,Clothing,CUST_126
2024-03-02,10,220.0,-44.5,South,Furniture,CUST_419
2024-03-03,3,71.77,134.54,East,Clothing,CUST_282
2024-03-03,3,428.13,-15.78,West,Food,CUST_308
2024-03-03,4,246.34,88.25,South,Electronics,CUST_107
2024-03-03,7,302.49,131.1,West,Electronics,CUST_290
2024-03-04,4,136.21,3.68,North,Furniture,CUST_218
2024-03-04,7,287.3,-3.89,South,Clothing,CUST_142
2024-03-04,9,53.55,148.25,East,Clothing,CUST_451
2024-03-04,12,183.52,118.95,North,Clothing,CUST_23
2024-03-04,11,141.09,4.91,West,Clothing,CUST_327
2024-03-04,13,190.18,16.97,West,Food,CUST_102
2024-03-04,2,436.88,1.64,North,Clothing,CUST_456
2024-03-04,10,45.2,-35.45,South,Food,CUST_410
2024-03-04,10,404.66,137.33,West,Electronics,CUST_183
2024-03-05,5,65.91,178.4,East,Clothing,CUST_327
2024-03-05,4,478.52,140.17,South,Food,CUST_108
2024-03-05,4,496.28,31.06,South,Electronics,CUST_41
2024-03-05,9,373.59,66.54,West,Furniture,CUST_453
2024-03-06,3,38.79,-26.23,East,Furniture,CUST_433
2024-03-06,4,112.08,139.6,North,Furniture,CUST_129
2024-03-06,7,162.21,194.56,North,Clothing,CUST_237
2024-03-06,3,32.2,29.01,North,Electronics,CUST_200
2024-03-06,2,465.83,68.69,West,Clothing,CUST_309
2024-03-07,13,33.37,92.69,West,Electronics,CUST_105
2024-03-07,3,195.68,144.47,North,Furniture,CUST_450
2024-03-07,5,456.54,170.73,East,Food,CUST_293
2024-03-07,14,27.55,193.57,South,Clothing,CUST_2
2024-03-07,9,371.17,-5.13,North,Furniture,CUST_82
2024-03-07,3,220.5,116.57,North,Electronics,CUST_244
2024-03-08,9,68.28,-16.8,North,Food,CUST_5
2024-03-08,2,176.03,-3.41,North,Furniture,CUST_93
2024-03-08,1,168.22,122.59,West,Clothing,CUST_29
2024-03-08,11,478.82,188.06,East,Electronics,CUST_231
2024-03-08,2,271.16,87.9,East,Electronics,CUST_270
2024-03-08,3,50.25,23.94,North,Food,CUST_125
2024-03-09,4,431.15,95.78,East,Furniture,CUST_104
2024-03-09,7,133.2,85.79,South,Food,CUST_332
2024-03-10,8,201.87,46.69,North,Clothing,CUST_283
2024-03-10,5,296.75,178.79,South,Clothing,CUST_100
2024-03-10,14,448.52,163.55,East,Food,CUST_243
2024-03-10,1,470.25,72.25,West,Food,CUST_87
2024-03-10,3,421.9,-17.61,West,Food,CUST_413
2024-03-10,2,46.72,106.21,East,Electronics,CUST_427
2024-03-11,14,199.22,115.55,West,Food,CUST_349
2024-03-11,11,453.91,109.72,South,Clothing,CUST_44
2024-03-11,10,98.13,177.62,West,Food,CUST_213
2024-03-11,3,349.14,111.81,West,Electronics,CUST_365
2024-03-11,8,403.14,118.12,West,Clothing,CUST_367
2024-03-12,8,495.31,107.34,East,Furniture,CUST_453
2024-03-12,11,437.45,-12.49,West,Electronics,CUST_200
2024-03-12,3,482.64,25.1,East,Clothing,CUST_222
2024-03-12,11,366.99,99.34,West,Furniture,CUST_399
2024-03-12,13,26.28,97.6,East,Food,CUST_359
2024-03-12,4,262.34,66.82,East,Electronics,CUST_331
2024-03-12,14,202.13,62.79,North,Clothing,CUST_490
2024-03-12,9,481.5,-33.41,West,Clothing,CUST_284
2024-03-13,4,46.1,124.32,East,Food,CUST_349
2024-03-13,12,372.5,98.77,West,Clothing,CUST_113
2024-03-13,6,431.19,170.76,North,Electronics,CUST_121
2024-03-14,9,320.43,18.21,North,Food,CUST_236
2024-03-14,6,228.65,106.2,North,Electronics,CUST_35
2024-03-14,6,428.02,158.87,North,Clothing,CUST_423
2024-03-14,9,190.55,174.23,North,Electronics,CUST_339
2024-03-14,5,112.18,171.58,East,Electronics,CUST_154
2024-03-15,10,162.61,167.17,East,Electronics,CUST_100
2024-03-15,10,399.77,192.24,South,Food,CUST_494
2024-03-15,11,245.65,7.82,East,Food,CUST_169
2024-03-15,12,34.95,-16.09,South,Furniture,CUST_188
2024-03-15,6,426.22,116.26,East,Furniture,CUST_96
2024-03-15,13,153.38,140.37,West,Furniture,CUST_471
2024-03-15,9,264.83,23.2,South,Clothing,CUST_430
2024-03-16,6,102.5,136.4,East,Electronics,CUST_11
2024-03-16,12,238.7,163.08,North,Clothing,CUST_176
2024-03-16,4,248.88,155.35,West,Clothing,CUST_112
2024-03-16,7,210.91,25.58,East,Food,CUST_314
2024-03-16,7,472.27,63.65,South,Clothing,CUST_91
2024-03-16,8,115.23,165.61,West,Electronics,CUST_469
2024-03-17,9,379.11,26.66,North,Furniture,CUST_365
2024-03-17,3,366.61,176.45,West,Electronics,CUST_29
2024-03-17,7,56.41,10.28,West,Electronics,CUST_153
2024-03-17,12,441.19,172.43,East,Furniture,CUST_22
2024-03-18,7,149.65,14.2,North,Clothing,CUST_105
2024-03-18,2,44.98,194.98,West,Clothing,CUST_337
2024-03-19,3,336.78,32.14,East,Food,CUST_128
2024-03-19,14,438.15,134.25,West,Clothing,CUST_152
2024-03-19,11,342.51,80.33,South,Clothing,CUST_396
2024-03-20,6,358.6,73.48,North,Furniture,CUST_197
2024-03-20,2,34.48,107.55,East,Clothing,CUST_225
2024-03-20,12,496.57,17.3,West,Electronics,CUST_293
2024-03-20,11,264.24,123.54,West,Food,CUST_208
2024-03-21,1,191.98,118.76,North,Clothing,CUST_149
2024-03-21,14,41.46,-9.11,West,Furniture,CUST_233
2024-03-22,10,346.31,-37.6,East,Food,CUST_185
2024-03-23,3,232.97,191.21,West,Electronics,CUST_176
2024-03-23,14,195.54,58.96,North,Electronics,CUST_230
2024-03-24,9,212.88,-23.34,North,Clothing,CUST_444
2024-03-24,3,74.53,-43.0,South,Electronics,CUST_164
2024-03-24,11,449.3,160.01,West,Clothing,CUST_275
2024-03-24,10,125.11,170.56,East,Food,CUST_357
2024-03-24,9,40.86,33.93,South,Food,CUST_43
2024-03-24,3,288.18,19.33,North,Food,CUST_121
2024-03-24,2,181.13,84.56,South,Food,CUST_73
2024-03-25,10,125.42,98.37,North,Furniture,CUST_463
2024-03-25,11,276.29,96.89,West,Furniture,CUST_334
2024-03-25,8,175.27,123.04,South,Electronics,CUST_488
2024-03-25,9,225.49,165.12,South,Furniture,CUST_315
2024-03-26,12,454.68,78.87,West,Clothing,CUST_280
2024-03-26,12,419.47,180.19,East,Food,CUST_216
2024-03-26,6,305.52,85.03,West,Clothing,CUST_237
2024-03-26,4,332.39,157.75,East,Clothing,CUST_59
2024-03-26,14,401.04,17.25,East,Furniture,CUST_215
2024-03-26,12,343.53,58.96,South,Electronics,CUST_436
2024-03-26,6,312.19,-24.1,South,Clothing,CUST_195
2024-03-26,10,495.46,147.65,West,Furniture,CUST_85
2024-03-27,3,255.37,129.4,West,Electronics,CUST_251
2024-03-27,2,137.75,3.87,East,Electronics,CUST_61
2024-03-27,9,469.22,-45.98,South,Clothing,CUST_448
2024-03-27,6,217.4,-8.22,North,Clothing,CUST_53
2024-03-27,2,190.4,181.64,East,Clothing,CUST_147
2024-03-27,4,340.61,-46.42,West,Electronics,CUST_469
2024-03-27,7,68.14,49.61,West,Clothing,CUST_416
2024-03-28,4,332.57,42.04,East,Food,CUST_258
2024-03-28,9,57.85,-1.7,North,Food,CUST_322
2024-03-28,2,400.85,35.81,West,Food,CUST_173
2024-03-29,13,220.93,-24.05,West,Furniture,CUST_467
2024-03-29,2,105.56,-17.24,East,Food,CUST_21
2024-03-29,14,232.4,137.21,South,Electronics,CUST_472
2024-03-29,9,282.95,50.72,North,Clothing,CUST_270
2024-03-29,13,150.85,94.78,North,Electronics,CUST_19
2024-03-30,1,436.54,72.56,West,Clothing,CUST_336
2024-03-30,1,459.22,181.7,South,Clothing,CUST_335
2024-03-30,11,285.36,98.3,South,Food,CUST_423
2024-03-30,2,122.34,48.74,West,Furniture,CUST_29
2024-03-30,4,130.32,11.25,North,Furniture,CUST_53
2024-03-30,2,475.6,173.09,East,Electronics,CUST_138
2024-03-30,9,127.83,4.4,South,Clothing,CUST_386
2024-03-31,6,413.28,42.1,East,Electronics,CUST_479
2024-03-31,11,441.69,95.47,West,Electronics,CUST_388
2024-03-31,7,55.07,-2.47,East,Electronics,CUST_236
2024-03-31,10,190.81,177.42,South,Electronics,CUST_12
2024-03-31,8,340.63,-19.47,East,Food,CUST_94
2024-03-31,8,390.35,-5.1,North,Clothing,CUST_293
2024-03-31,13,436.47,-7.86,North,Food,CUST_449
2024-04-01,4,283.96,66.14,West,Clothing,CUST_412
2024-04-01,10,431.09,12.74,North,Furniture,CUST_329
2024-04-01,6,169.99,-31.88,South,Furniture,CUST_284
2024-04-01,4,328.91,2.81,North,Clothing,CUST_320
2024-04-01,8,172.33,172.97,North,Furniture,CUST_48
2024-04-01,2,388.85,62.67,North,Electronics,CUST_63
2024-04-01,9,252.03,88.3,East,Food,CUST_210
2024-04-01,8,219.81,-25.0,South,Clothing,CUST_289
2024-04-01,14,222.72,-6.37,East,Furniture,CUST_224
2024-04-02,13,146.03,-24.29,West,Food,CUST_452
2024-04-02,11,316.07,186.97,South,Electronics,CUST_210
2024-04-02,11,461.73,172.08,West,Furniture,CUST_47
2024-04-02,7,425.37,42.48,West,Furniture,CUST_314
2024-04-02,1,421.27,-49.56,East,Clothing,CUST_332
2024-04-03,3,76.18,158.74,North,Food,CUST_480
2024-04-03,6,339.99,-45.08,West,Electronics,CUST_28
2024-04-03,14,433.09,96.17,South,Food,CUST_14
2024-04-04,12,287.79,-14.67,East,Food,CUST_60
2024-04-04,13,337.74,-39.75,West,Furniture,CUST_270
2024-04-04,5,155.55,107.26,South,Furniture,CUST_161
2024-04-04,9,384.34,40.42,West,Clothing,CUST_489
2024-04-04,10,162.32,-4.32,South,Food,CUST_217
2024-04-04,6,276.75,73.13,East,Electronics,CUST_360
2024-04-04,10,261.72,79.8,North,Clothing,CUST_168
2024-04-04,14,318.71,103.39,East,Furniture,CUST_370
2024-04-04,7,157.12,190.75,West,Furniture,CUST_385
2024-04-05,7,187.93,100.56,West,Furniture,CUST_394
2024-04-05,13,349.03,143.87,West,Electronics,CUST_101
2024-04-05,12,67.46,105.12,North,Furniture,CUST_133
2024-04-05,8,128.33,-34.41,North,Clothing,CUST_227
2024-04-05,8,229.9,-2.29,East,Food,CUST_11
2024-04-06,2,265.77,161.45,North,Electronics,CUST_40
2024-04-06,1,68.42,154.49,East,Clothing,CUST_333
2024-04-06,1,324.21,170.94,North,Clothing,CUST_87
2024-04-06,3,150.84,183.2,North,Electronics,CUST_217
2024-04-06,14,195.38,26.02,North,Furniture,CUST_385
2024-04-07,4,108.97,-1.97,West,Clothing,CUST_344
2024-04-07,14,360.81,193.07,West,Electronics,CUST_250
2024-04-07,7,241.05,35.51,South,Electronics,CUST_89
2024-04-07,4,28.95,87.45,South,Clothing,CUST_277
2024-04-07,8,172.2,-4.67,East,Electronics,CUST_199
2024-04-07,11,220.82,3.52,West,Electronics,CUST_70
2024-04-08,5,188.6,-26.12,East,Furniture,CUST_473
2024-04-08,1,102.71,6.94,North,Food,CUST_369
2024-04-09,13,477.99,168.0,South,Clothing,CUST_303
2024-04-09,11,97.65,136.29,North,Electronics,CUST_268
2024-04-09,9,75.34,46.62,West,Furniture,CUST_203
2024-04-10,4,226.64,-3.51,East,Electronics,CUST_322
2024-04-10,10,67.3,108.99,West,Furniture,CUST_424
2024-04-10,14,289.75,58.19,East,Electronics,CUST_150
2024-04-10,2,396.46,198.43,West,Clothing,CUST_257
2024-04-10,13,475.51,157.57,South,Food,CUST_87
2024-04-10,8,38.78,47.7,North,Electronics,CUST_213
2024-04-10,6,240.13,29.71,West,Furniture,CUST_192
2024-04-10,11,141.23,120.11,North,Food,CUST_282
2024-04-11,4,101.6,-19.43,East,Electronics,CUST_30
2024-04-11,7,97.89,-30.67,South,Food,CUST_439
2024-04-11,6,88.84,-18.31,East,Food,CUST_471
2024-04-12,7,218.95,49.58,South,Electronics,CUST_433
2024-04-12,7,101.25,149.26,South,Electronics,CUST_417
2024-04-12,10,412.05,196.38,South,Clothing,CUST_58
2024-04-12,8,489.72,114.93,West,Clothing,CUST_287
2024-04-12,9,235.66,-24.49,East,Electronics,CUST_47
2024-04-12,6,439.16,82.22,West,Electronics,CUST_165
2024-04-12,8,325.22,116.94,West,Electronics,CUST_299
2024-04-12,3,443.14,169.23,East,Food,CUST_462
2024-04-13,5,24.16,151.37,North,Electronics,CUST_288
2024-04-13,11,394.49,137.35,South,Clothing,CUST_493
2024-04-13,7,487.84,126.84,South,Electronics,CUST_257
2024-04-14,9,288.68,-35.43,East,Electronics,CUST_148
2024-04-14,11,237.33,42.84,South,Furniture,CUST_258
2024-04-15,4,294.69,-37.63,West,Food,CUST_171
2024-04-15,1,467.08,51.34,North,Clothing,CUST_443
2024-04-15,5,376.59,145.25,South,Furniture,CUST_153
2024-04-15,13,226.27,27.3,North,Food,CUST_235
2024-04-15,2,161.08,68.8,West,Clothing,CUST_106
2024-04-15,14,230.21,-19.6,East,Food,CUST_40
2024-04-16,2,387.15,122.94,East,Food,CUST_9
2024-04-16,11,263.54,-1.87,North,Clothing,CUST_418
2024-04-16,3,382.61,188.19,East,Food,CUST_461
2024-04-16,1,290.19,90.52,North,Food,CUST_104
2024-04-16,12,118.43,137.46,East,Furniture,CUST_60
2024-04-16,12,258.84,98.56,South,Clothing,CUST_313
2024-04-16,13,96.2,75.54,South,Furniture,CUST_166
2024-04-17,2,342.9,189.15,North,Clothing,CUST_256
2024-04-17,12,143.25,40.66,North,Furniture,CUST_470
2024-04-17,14,74.98,21.86,East,Electronics,CUST_135
2024-04-17,1,183.51,46.18,East,Electronics,CUST_496
2024-04-17,8,254.11,12.55,South,Furniture,CUST_298
2024-04-17,13,77.06,-15.06,West,Furniture,CUST_77
2024-04-18,11,73.03,176.1,East,Clothing,CUST_138
2024-04-18,13,423.94,149.01,West,Clothing,CUST_167
2024-04-19,12,409.61,0.06,West,Electronics,CUST_214
2024-04-19,3,87.44,154.99,South,Furniture,CUST_163
2024-04-19,8,293.66,-8.71,East,Furniture,CUST_294
2024-04-19,14,208.38,186.99,North,Furniture,CUST_156
2024-04-19,1,448.89,56.17,West,Food,CUST_28
2024-04-19,2,370.52,36.83,West,Furniture,CUST_355
2024-04-20,7,296.38,160.61,West,Clothing,CUST_33
2024-04-20,11,96.97,-15.58,West,Clothing,CUST_273
2024-04-20,11,156.35,73.42,North,Clothing,CUST_145
2024-04-20,3,111.81,131.44,West,Electronics,CUST_274
2024-04-20,3,282.1,125.9,West,Furniture,CUST_168
2024-04-20,6,147.05,75.04,East,Electronics,CUST_331
2024-04-21,14,184.98,-4.7,West,Clothing,CUST_259
2024-04-21,6,264.55,23.28,East,Food,CUST_189
2024-04-21,10,197.57,16.17,East,Electronics,CUST_79
2024-04-21,3,123.31,38.23,West,Clothing,CUST_194
2024-04-22,3,411.9,89.55,West,Clothing,CUST_8
2024-04-22,3,156.78,-17.59,South,Electronics,CUST_378
2024-04-22,11,63.25,29.68,North,Electronics,CUST_208
2024-04-22,13,454.09,135.32,North,Food,CUST_402
2024-04-23,13,58.5,138.37,North,Electronics,CUST_80
2024-04-23,8,166.91,114.26,South,Clothing,CUST_195
2024-04-23,5,470.77,94.72,South,Clothing,CUST_322
2024-04-23,12,334.22,117.85,South,Food,CUST_22
2024-04-23,3,193.46,166.49,South,Furniture,CUST_38
2024-04-23,4,150.88,55.34,East,Clothing,CUST_68
2024-04-23,5,57.83,52.34,West,Food,CUST_483
2024-04-24,11,441.27,162.17,West,Furniture,CUST_313
2024-04-24,5,498.64,143.24,South,Clothing,CUST_247
2024-04-24,12,193.9,112.98,East,Furniture,CUST_344
2024-04-24,7,183.15,-25.6,East,Clothing,CUST_290
2024-04-24,3,155.81,124.38,East,Food,CUST_414
2024-04-24,10,478.32,167.64,West,Furniture,CUST_449
2024-04-24,8,135.66,51.64,East,Food,CUST_338
2024-04-25,8,156.73,45.09,East,Furniture,CUST_305
2024-04-25,3,365.14,116.34,North,Electronics,CUST_466
2024-04-25,2,366.18,-23.64,East,Electronics,CUST_369
2024-04-25,4,396.11,105.18,East,Furniture,CUST_171
2024-04-26,13,388.4,171.03,North,Furniture,CUST_243
2024-04-26,8,229.57,132.67,West,Food,CUST_406
2024-04-26,9,297.02,-11.51,East,Electronics,CUST_230
2024-04-26,11,403.56,-2.0,South,Electronics,CUST_35
2024-04-27,7,24.24,-12.5,West,Food,CUST_254
2024-04-27,1,22.85,58.12,South,Furniture,CUST_119
2024-04-27,11,141.17,119.06,North,Furniture,CUST_377
2024-04-27,4,496.28,44.67,East,Electronics,CUST_366
2024-04-27,13,265.31,57.95,West,Clothing,CUST_110
2024-04-27,4,397.22,118.79,North,Furniture,CUST_65
2024-04-27,13,414.11,198.76,East,Electronics,CUST_454
2024-04-27,4,108.41,136.0,North,Clothing,CUST_456
2024-04-28,13,249.09,1.51,North,Electronics,CUST_52
2024-04-28,7,399.54,179.59,East,Furniture,CUST_385
2024-04-28,6,408.6,-39.23,North,Furniture,CUST_372
2024-04-28,6,440.1,26.86,West,Clothing,CUST_396
2024-04-28,3,370.36,127.51,East,Food,CUST_151
2024-04-28,3,359.41,74.41,North,Furniture,CUST_306
2024-04-28,3,324.41,174.37,North,Furniture,CUST_284
2024-04-28,11,191.98,2.87,North,Clothing,CUST_298
2024-04-29,10,102.43,164.98,North,Food,CUST_174
2024-04-29,1,217.19,176.91,South,Clothing,CUST_494
2024-04-29,2,342.08,84.11,East,Clothing,CUST_174
2024-04-29,11,141.23,68.05,North,Food,CUST_251
2024-04-29,14,160.77,32.27,South,Furniture,CUST_172
2024-04-29,12,398.94,36.93,East,Electronics,CUST_318
2024-04-30,4,489.16,173.59,East,Electronics,CUST_427
2024-04-30,8,445.72,-32.2,East,Food,CUST_129
2024-04-30,6,358.63,64.6,East,Food,CUST_273
2024-04-30,8,158.3,107.06,North,Furniture,CUST_62
2024-05-01,1,411.9,162.15,North,Electronics,CUST_344
2024-05-01,10,211.44,116.45,East,Clothing,CUST_372
2024-05-01,2,122.67,145.02,North,Electronics,CUST_478
2024-05-01,8,22.7,-13.58,East,Clothing,CUST_433
2024-05-01,1,444.67,51.15,South,Electronics,CUST_469
2024-05-02,13,80.56,165.95,South,Electronics,CUST_38
2024-05-02,10,378.64,30.71,North,Electronics,CUST_190
2024-05-02,14,249.77,143.23,West,Furniture,CUST_54
2024-05-02,1,413.18,-40.33,East,Food,CUST_314
2024-05-02,10,209.83,184.56,West,Electronics,CUST_84
2024-05-02,1,423.47,-15.12,East,Food,CUST_165
2024-05-03,3,103.86,32.59,East,Food,CUST_265
2024-05-03,1,51.82,30.05,South,Electronics,CUST_290
2024-05-03,1,381.02,-5.12,South,Food,CUST_436
2024-05-03,4,411.59,92.06,North,Clothing,CUST_476
2024-05-03,4,156.41,53.12,North,Clothing,CUST_346
2024-05-04,13,95.06,139.26,West,Food,CUST_143
2024-05-04,14,387.02,29.15,West,Electronics,CUST_332
2024-05-04,4,457.7,168.25,East,Clothing,CUST_148
2024-05-04,13,173.17,45.84,North,Clothing,CUST_352
2024-05-04,11,312.75,59.76,South,Clothing,CUST_402
2024-05-05,8,244.02,-10.56,North,Furniture,CUST_415
2024-05-05,2,357.89,51.51,South,Electronics,CUST_244
2024-05-05,5,450.68,113.39,North,Electronics,CUST_406
2024-05-05,13,144.34,194.51,South,Electronics,CUST_360
2024-05-05,5,98.79,29.76,West,Food,CUST_471
2024-05-05,11,363.31,49.47,South,Electronics,CUST_443
2024-05-06,14,342.81,172.44,North,Food,CUST_19
2024-05-06,1,188.0,78.4,East,Furniture,CUST_34
2024-05-06,11,316.96,62.78,East,Clothing,CUST_161
2024-05-06,12,20.09,157.33,East,Electronics,CUST_157
2024-05-07,10,20.63,180.96,South,Food,CUST_109
2024-05-07,1,315.65,-46.35,West,Electronics,CUST_34
2024-05-07,5,349.89,191.36,West,Furniture,CUST_201
2024-05-07,13,97.77,7.08,South,Electronics,CUST_344
2024-05-07,11,194.41,198.64,West,Food,CUST_453
2024-05-07,8,250.15,3.58,South,Electronics,CUST_56
2024-05-08,11,75.1,-14.66,West,Food,CUST_109
2024-05-08,6,95.9,115.22,West,Food,CUST_94
2024-05-08,6,342.3,-29.32,South,Electronics,CUST_489
2024-05-08,14,400.02,174.69,West,Food,CUST_152
2024-05-08,14,219.74,97.83,West,Clothing,CUST_278
2024-05-09,1,207.4,101.97,East,Electronics,CUST_230
2024-05-09,4,454.08,58.67,East,Clothing,CUST_268
2024-05-09,4,157.37,90.89,East,Food,CUST_342
2024-05-09,5,374.47,78.07,East,Furniture,CUST_493
2024-05-10,9,161.89,100.38,West,Food,CUST_499
2024-05-10,14,258.27,194.85,North,Furniture,CUST_338
2024-05-10,10,496.71,146.21,West,Clothing,CUST_0
2024-05-11,14,433.77,-32.9,North,Electronics,CUST_415
2024-05-11,8,386.24,48.98,West,Furniture,CUST_484
2024-05-11,5,368.77,110.82,East,Electronics,CUST_247
2024-05-11,11,280.7,120.42,South,Furniture,CUST_461
2024-05-11,3,424.17,22.94,West,Food,CUST_425
2024-05-11,10,72.7,-20.86,West,Electronics,CUST_315
2024-05-11,7,401.47,178.19,South,Electronics,CUST_76
2024-05-12,9,77.55,132.34,North,Food,CUST_401
2024-05-12,9,112.34,-32.3,North,Food,CUST_56
2024-05-12,1,433.67,187.53,North,Clothing,CUST_399
2024-05-12,11,260.97,39.14,South,Electronics,CUST_434
2024-05-13,8,201.57,-9.98,East,Food,CUST_113
2024-05-13,1,416.36,11.61,South,Clothing,CUST_139
2024-05-13,3,208.13,76.62,North,Electronics,CUST_173
2024-05-13,1,482.22,78.8,North,Electronics,CUST_127
2024-05-14,9,475.19,163.23,North,Clothing,CUST_461
2024-05-14,2,247.0,5.65,East,Clothing,CUST_2
2024-05-14,1,167.36,111.28,South,Clothing,CUST_310
2024-05-14,7,140.28,-24.4,South,Clothing,CUST_313
2024-05-14,13,459.66,67.39,West,Food,CUST_408
2024-05-15,5,187.6,-0.85,West,Furniture,CUST_439
2024-05-15,10,288.7,138.25,East,Furniture,CUST_324
2024-05-15,8,429.71,58.08,North,Electronics,CUST_315
2024-05-15,8,277.1,191.39,North,Food,CUST_109
2024-05-15,13,44.02,48.71,East,Food,CUST_57
2024-05-15,2,80.54,-29.92,North,Furniture,CUST_10
2024-05-15,7,236.44,111.46,East,Electronics,CUST_241
2024-05-16,5,69.07,51.51,North,Food,CUST_313
2024-05-16,14,144.08,8.4,East,Electronics,CUST_411
2024-05-16,6,155.99,126.57,South,Furniture,CUST_450
2024-05-16,4,482.91,92.99,East,Clothing,CUST_76
2024-05-16,2,58.23,194.77,North,Clothing,CUST_450
2024-05-17,4,48.63,31.7,North,Clothing,CUST_221
2024-05-17,13,194.98,118.42,West,Furniture,CUST_332
2024-05-17,10,151.99,107.39,West,Clothing,CUST_71
2024-05-17,12,435.29,-5.05,West,Furniture,CUST_242
2024-05-17,10,88.51,76.48,East,Electronics,CUST_80
2024-05-17,3,356.59,-10.79,North,Furniture,CUST_218
2024-05-18,6,170.44,46.67,South,Food,CUST_74
2024-05-18,3,170.74,123.94,West,Furniture,CUST_11
2024-05-18,13,432.41,101.42,East,Electronics,CUST_303
2024-05-18,1,447.18,167.96,West,Electronics,CUST_101
2024-05-19,11,447.81,119.15,West,Electronics,CUST_298
2024-05-19,11,444.85,107.78,North,Electronics,CUST_15
2024-05-19,2,491.88,175.16,South,Furniture,CUST_445
2024-05-19,3,277.76,-42.57,West,Clothing,CUST_359
2024-05-20,10,141.16,32.36,East,Furniture,CUST_312
2024-05-20,7,243.5,-11.8,North,Electronics,CUST_419
2024-05-20,7,265.05,159.35,East,Clothing,CUST_339
2024-05-20,10,266.35,51.75,East,Clothing,CUST_370
2024-05-20,6,288.12,176.96,North,Food,CUST_365
2024-05-20,13,56.08,20.5,West,Electronics,CUST_364
2024-05-20,9,385.41,173.85,West,Furniture,CUST_107
2024-05-20,1,318.86,108.08,East,Electronics,CUST_49
2024-05-20,11,42.1,-48.35,East,Furniture,CUST_295
2024-05-21,13,415.32,153.64,South,Food,CUST_278
2024-05-21,7,222.98,-6.55,East,Food,CUST_1
2024-05-21,12,37.08,61.51,East,Furniture,CUST_178
2024-05-21,10,248.04,194.23,North,Food,CUST_330
2024-05-21,8,353.23,115.28,West,Food,CUST_475
2024-05-21,12,473.98,-18.68,East,Clothing,CUST_7
2024-05-22,11,393.95,51.89,North,Food,CUST_416
2024-05-22,12,367.52,27.49,West,Clothing,CUST_88
2024-05-22,8,151.7,81.18,North,Clothing,CUST_283
2024-05-22,10,71.91,48.74,North,Furniture,CUST_253
2024-05-22,2,216.74,66.58,East,Food,CUST_299
2024-05-22,4,452.32,85.6,West,Food,CUST_412
2024-05-22,11,421.32,92.68,West,Electronics,CUST_268
2024-05-23,3,487.46,-43.16,East,Clothing,CUST_18
2024-05-23,2,422.3,166.47,North,Clothing,CUST_491
2024-05-23,11,259.65,46.94,East,Furniture,CUST_341
2024-05-23,8,457.58,19.3,East,Clothing,CUST_397
2024-05-23,4,95.65,82.66,East,Clothing,CUST_30
2024-05-24,1,159.07,14.08,West,Electronics,CUST_148
2024-05-24,10,169.61,116.73,East,Electronics,CUST_494
2024-05-24,11,30.8,130.21,North,Clothing,CUST_328
2024-05-25,1,283.69,97.54,West,Clothing,CUST_191
2024-05-25,3,287.08,177.43,North,Furniture,CUST_120
2024-05-25,13,319.25,22.67,East,Clothing,CUST_135
2024-05-25,1,492.44,164.57,East,Electronics,CUST_382
2024-05-25,2,278.27,78.3,South,Electronics,CUST_462
2024-05-26,10,341.52,-46.41,East,Clothing,CUST_450
2024-05-26,6,385.13,-3.29,South,Clothing,CUST_203
2024-05-26,9,471.65,-10.58,West,Furniture,CUST_256
2024-05-26,4,160.37,183.63,West,Electronics,CUST_30
2024-05-26,14,490.94,81.32,South,Clothing,CUST_309
2024-05-26,14,193.22,-43.82,East,Clothing,CUST_54
2024-05-26,14,467.55,164.54,South,Food,CUST_305
2024-05-27,5,214.01,-24.32,South,Electronics,CUST_484
2024-05-27,5,91.29,38.68,East,Electronics,CUST_208
2024-05-27,6,200.24,-42.16,South,Electronics,CUST_475
2024-05-28,3,336.71,43.9,East,Furniture,CUST_283
2024-05-28,4,337.61,122.7,West,Electronics,CUST_233
2024-05-28,2,350.84,0.19,North,Food,CUST_65
2024-05-29,8,78.94,-28.09,North,Food,CUST_103
2024-05-30,14,137.23,-4.93,East,Furniture,CUST_225
2024-05-30,1,64.43,-8.99,North,Furniture,CUST_161
2024-05-30,11,176.63,-19.21,North,Electronics,CUST_400
2024-05-30,13,325.95,124.09,West,Furniture,CUST_63
2024-05-30,4,182.5,-47.12,West,Food,CUST_93
2024-05-30,10,436.39,139.95,East,Food,CUST_187
2024-05-30,13,141.06,146.18,South,Electronics,CUST_457
2024-05-30,6,385.31,146.16,West,Electronics,CUST_247
2024-05-30,13,295.5,102.08,South,Furniture,CUST_224
2024-05-30,1,219.7,41.63,South,Food,CUST_368
2024-05-30,13,240.96,-47.13,West,Furniture,CUST_54
2024-05-30,13,99.13,65.18,West,Food,CUST_328
2024-05-31,10,332.76,42.59,South,Furniture,CUST_21
2024-05-31,8,226.5,50.92,North,Food,CUST_396
2024-05-31,1,27.49,-41.09,East,Furniture,CUST_127
2024-06-01,13,253.49,195.11,South,Electronics,CUST_328
2024-06-01,14,293.71,-4.15,South,Food,CUST_449
2024-06-01,7,365.45,12.58,West,Food,CUST_85
2024-06-01,2,495.32,117.02,North,Furniture,CUST_310
2024-06-01,4,136.54,187.42,South,Food,CUST_134
2024-06-01,1,287.22,193.2,South,Food,CUST_154
2024-06-01,4,300.04,119.62,North,Food,CUST_23
2024-06-01,10,329.79,100.51,West,Electronics,CUST_170
2024-06-01,10,336.14,37.77,South,Furniture,CUST_396
2024-06-02,8,401.82,-42.21,North,Electronics,CUST_173
2024-06-02,8,433.42,172.58,West,Clothing,CUST_211
2024-06-02,3,265.51,192.48,North,Food,CUST_311
2024-06-02,2,168.25,189.74,West,Electronics,CUST_160
2024-06-02,6,182.71,-2.33,South,Electronics,CUST_481
2024-06-02,7,90.73,-14.5,North,Electronics,CUST_339
2024-06-02,10,398.21,166.86,West,Clothing,CUST_295
2024-06-03,3,340.48,95.54,North,Electronics,CUST_219
2024-06-03,14,363.47,179.75,South,Furniture,CUST_159
2024-06-03,9,250.72,-15.75,East,Electronics,CUST_429
2024-06-04,11,94.82,84.89,West,Electronics,CUST_265
2024-06-04,9,463.79,-24.89,East,Clothing,CUST_343
2024-06-04,4,260.16,84.58,North,Electronics,CUST_490
2024-06-04,10,298.24,30.06,South,Furniture,CUST_446
2024-06-04,2,468.34,-11.44,West,Food,CUST_490
2024-06-05,7,246.23,29.44,North,Electronics,CUST_76
2024-06-05,12,251.48,67.15,North,Electronics,CUST_192
2024-06-05,6,458.93,32.57,East,Electronics,CUST_376
2024-06-05,7,200.91,-38.51,East,Food,CUST_359
2024-06-05,13,109.93,-7.74,North,Furniture,CUST_292
2024-06-05,1,481.15,48.89,North,Furniture,CUST_84
2024-06-05,14,84.7,-30.85,North,Electronics,CUST_140
2024-06-05,5,270.57,58.44,West,Electronics,CUST_309
2024-06-06,9,220.55,124.54,South,Food,CUST_174
2024-06-06,9,300.8,123.62,West,Furniture,CUST_473
2024-06-06,10,106.79,121.45,West,Food,CUST_349
2024-06-06,2,334.93,11.56,West,Food,CUST_349
2024-06-06,8,302.78,69.88,North,Furniture,CUST_156
2024-06-07,2,127.75,31.11,East,Electronics,CUST_262
2024-06-07,9,42.75,119.96,North,Electronics,CUST_481
2024-06-07,14,77.87,-24.92,West,Food,CUST_148
2024-06-07,9,111.35,-16.38,West,Food,CUST_169
2024-06-07,11,74.19,197.79,West,Furniture,CUST_295
2024-06-07,9,437.79,-20.03,East,Electronics,CUST_355
2024-06-07,11,220.39,194.76,South,Food,CUST_140
2024-06-07,3,211.34,94.58,West,Furniture,CUST_437
2024-06-07,11,258.14,14.27,East,Food,CUST_490
2024-06-08,12,347.0,43.64,East,Furniture,CUST_113
2024-06-08,5,226.84,95.08,South,Furniture,CUST_491
2024-06-09,13,78.45,102.71,North,Furniture,CUST_241
2024-06-09,3,209.71,133.32,North,Electronics,CUST_91
2024-06-09,13,85.26,83.4,South,Clothing,CUST_428
2024-06-09,3,69.73,177.02,East,Clothing,CUST_24
2024-06-09,14,36.74,183.94,North,Furniture,CUST_471
2024-06-09,10,133.59,-43.1,East,Electronics,CUST_198
2024-06-09,14,130.66,-1.37,North,Electronics,CUST_150
2024-06-09,10,63.85,104.79,South,Electronics,CUST_138
2024-06-09,5,184.9,175.63,West,Electronics,CUST_98
2024-06-09,10,96.95,52.68,West,Electronics,CUST_434
2024-06-10,1,478.23,107.37,South,Furniture,CUST_224
2024-06-10,7,76.45,-7.53,West,Food,CUST_460
2024-06-10,9,324.36,59.05,North,Clothing,CUST_300
2024-06-10,1,378.03,46.53,East,Food,CUST_112
2024-06-10,11,76.92,119.65,East,Electronics,CUST_415
2024-06-10,5,459.88,19.74,East,Food,CUST_27
2024-06-10,14,62.45,103.03,East,Food,CUST_458
2024-06-11,7,63.88,193.48,North,Furniture,CUST_26
2024-06-11,1,165.62,57.35,East,Clothing,CUST_319
2024-06-11,9,50.88,-21.34,West,Food,CUST_86
2024-06-11,3,376.88,179.9,North,Electronics,CUST_298
2024-06-11,13,62.05,116.42,North,Food,CUST_260
2024-06-11,4,21.3,165.64,North,Food,CUST_180
2024-06-11,12,497.86,4.54,West,Electronics,CUST_99
2024-06-12,12,69.04,27.51,North,Food,CUST_348
2024-06-12,9,23.91,48.63,North,Clothing,CUST_113
2024-06-12,7,181.3,101.38,West,Furniture,CUST_378
2024-06-12,3,45.27,68.24,North,Electronics,CUST_248
2024-06-12,11,364.63,-38.75,East,Furniture,CUST_193
2024-06-13,5,365.43,-3.67,North,Electronics,CUST_479
2024-06-13,4,422.76,53.37,East,Clothing,CUST_27
2024-06-13,13,115.85,-8.45,West,Furniture,CUST_394
2024-06-13,6,259.39,-29.82,South,Furniture,CUST_171
2024-06-13,10,297.11,135.85,East,Food,CUST_329
2024-06-13,2,409.75,-22.18,South,Electronics,CUST_474
2024-06-13,10,435.09,47.68,East,Electronics,CUST_386
2024-06-13,12,67.76,162.88,West,Clothing,CUST_105
2024-06-14,1,457.39,-11.93,North,Food,CUST_311
2024-06-14,13,305.09,158.1,South,Food,CUST_370
2024-06-14,10,269.7,20.43,East,Electronics,CUST_157
2024-06-15,13,426.02,115.5,North,Food,CUST_35
2024-06-15,4,303.85,-12.1,South,Furniture,CUST_52
2024-06-15,9,201.75,-18.53,East,Electronics,CUST_334
2024-06-15,13,469.27,-15.77,West,Electronics,CUST_434
2024-06-15,13,179.88,48.72,East,Electronics,CUST_189
2024-06-15,8,450.01,-47.71,North,Food,CUST_58
2024-06-16,6,473.23,113.43,East,Clothing,CUST_254
2024-06-16,12,477.48,113.35,South,Furniture,CUST_306
2024-06-16,2,85.06,33.0,West,Electronics,CUST_430
2024-06-16,13,391.19,153.82,North,Furniture,CUST_11
2024-06-16,6,67.07,172.88,East,Food,CUST_42
2024-06-17,2,96.85,107.89,West,Clothing,CUST_471
2024-06-17,3,160.42,137.91,South,Electronics,CUST_212
2024-06-17,9,66.9,-13.74,East,Clothing,CUST_33
2024-06-17,5,424.87,-32.63,North,Electronics,CUST_324
2024-06-17,2,149.02,74.89,North,Electronics,CUST_292
2024-06-17,7,471.11,187.94,West,Electronics,CUST_262
2024-06-17,4,52.21,32.0,North,Furniture,CUST_379
2024-06-17,4,126.92,126.42,West,Electronics,CUST_367
2024-06-17,4,257.48,80.84,East,Furniture,CUST_97
2024-06-18,6,107.8,13.07,East,Food,CUST_66
2024-06-18,8,426.75,-30.32,South,Electronics,CUST_121
2024-06-18,5,392.49,-10.32,South,Clothing,CUST_443
2024-06-18,11,406.41,-47.37,North,Clothing,CUST_106
2024-06-18,1,71.98,51.79,West,Electronics,CUST_123
2024-06-18,12,74.96,141.94,East,Clothing,CUST_391
2024-06-18,10,254.41,78.17,South,Food,CUST_460
2024-06-19,4,217.55,1.13,East,Clothing,CUST_356
2024-06-19,14,425.56,13.59,South,Food,CUST_148
2024-06-20,1,312.67,176.35,West,Clothing,CUST_95
2024-06-20,11,359.58,86.98,North,Clothing,CUST_256
2024-06-20,9,289.14,-27.13,North,Food,CUST_91
2024-06-20,11,311.29,177.77,North,Clothing,CUST_294
2024-06-20,10,191.74,97.01,North,Food,CUST_249
2024-06-20,14,358.57,122.06,East,Furniture,CUST_139
2024-06-20,11,119.04,129.85,North,Food,CUST_472
2024-06-20,13,127.03,18.2,West,Food,CUST_168
2024-06-21,4,406.23,174.15,East,Clothing,CUST_278
2024-06-21,7,86.45,129.12,East,Electronics,CUST_72
2024-06-21,13,337.28,27.56,South,Food,CUST_153
2024-06-21,7,147.27,24.02,North,Electronics,CUST_138
2024-06-21,13,414.24,137.88,South,Clothing,CUST_191
2024-06-21,4,441.82,109.92,North,Furniture,CUST_81
2024-06-21,5,148.78,183.56,West,Electronics,CUST_424
2024-06-22,11,463.56,71.44,North,Food,CUST_392
2024-06-22,2,451.59,108.48,South,Electronics,CUST_246
2024-06-22,3,443.11,98.11,West,Furniture,CUST_124
2024-06-22,2,424.38,86.2,West,Electronics,CUST_219
2024-06-22,1,365.64,-30.13,East,Electronics,CUST_168
2024-06-23,8,226.49,69.29,East,Electronics,CUST_14
2024-06-23,10,58.89,140.69,South,Furniture,CUST_388
2024-06-23,7,81.1,57.19,East,Clothing,CUST_246
2024-06-23,14,54.51,-40.08,West,Electronics,CUST_78
2024-06-23,5,125.65,185.5,South,Clothing,CUST_354
2024-06-23,5,448.77,18.72,West,Furniture,CUST_473
2024-06-24,8,43.17,197.26,West,Furniture,CUST_142
2024-06-24,4,315.78,-2.7,North,Food,CUST_14
2024-06-24,3,389.1,48.9,South,Electronics,CUST_282
2024-06-24,12,469.73,81.02,North,Clothing,CUST_403
2024-06-24,10,37.09,9.2,South,Electronics,CUST_330
2024-06-24,13,384.21,145.67,South,Electronics,CUST_174
2024-06-24,1,239.88,-37.99,West,Clothing,CUST_235
2024-06-25,3,493.45,195.96,East,Furniture,CUST_308
2024-06-25,7,238.41,71.87,North,Clothing,CUST_281
2024-06-25,12,193.16,100.82,West,Furniture,CUST_477
2024-06-26,7,366.09,73.12,East,Electronics,CUST_313
2024-06-27,8,276.44,109.18,East,Food,CUST_21
2024-06-27,14,397.73,36.89,North,Electronics,CUST_129
2024-06-27,9,317.58,-19.29,West,Clothing,CUST_108
2024-06-27,2,124.59,0.82,West,Food,CUST_404
2024-06-28,2,64.21,-31.34,South,Furniture,CUST_203
2024-06-28,4,191.33,80.81,West,Electronics,CUST_450
2024-06-28,12,325.02,-25.68,East,Furniture,CUST_9
2024-06-29,12,395.67,-37.73,North,Electronics,CUST_351
2024-06-29,2,138.86,179.01,South,Clothing,CUST_69
2024-06-29,4,138.8,190.44,West,Clothing,CUST_449
2024-06-29,11,152.54,119.92,West,Furniture,CUST_260
2024-06-29,10,268.57,172.92,South,Furniture,CUST_191
2024-06-29,3,26.37,-31.35,South,Food,CUST_269
2024-06-30,4,23.75,50.36,North,Electronics,CUST_447
2024-06-30,3,450.56,-12.13,West,Furniture,CUST_350
2024-06-30,6,172.51,-31.51,South,Furniture,CUST_222
2024-06-30,9,469.35,-41.32,North,Electronics,CUST_227
2024-06-30,4,371.8,149.12,North,Food,CUST_393
2024-06-30,6,158.86,166.95,South,Clothing,CUST_299
2024-07-01,11,135.11,34.73,West,Electronics,CUST_34
2024-07-01,9,54.53,157.3,North,Electronics,CUST_294
2024-07-01,4,70.09,151.27,East,Furniture,CUST_363
2024-07-01,4,204.82,-12.7,South,Clothing,CUST_450
2024-07-01,6,27.52,3.58,North,Furniture,CUST_225
2024-07-01,6,258.81,46.75,West,Electronics,CUST_182
2024-07-02,14,43.23,-31.86,West,Food,CUST_207
2024-07-02,3,490.6,77.7,East,Clothing,CUST_196
2024-07-02,5,321.97,101.52,West,Clothing,CUST_412
2024-07-02,14,481.33,-11.26,South,Electronics,CUST_372
2024-07-02,1,95.76,118.54,East,Electronics,CUST_154
2024-07-02,10,70.23,25.54,North,Electronics,CUST_49
2024-07-03,4,397.43,180.12,East,Food,CUST_459
2024-07-03,4,37.65,72.73,South,Electronics,CUST_267
2024-07-03,2,113.08,148.51,West,Food,CUST_197
2024-07-03,11,43.82,184.11,West,Electronics,CUST_73
2024-07-03,4,451.53,65.46,East,Electronics,CUST_412
2024-07-03,8,374.05,31.44,East,Clothing,CUST_159
2024-07-04,1,337.39,-2.84,North,Clothing,CUST_257
2024-07-04,8,340.15,141.8,East,Clothing,CUST_282
2024-07-04,5,234.31,175.85,North,Food,CUST_458
2024-07-04,3,350.42,71.23,South,Clothing,CUST_325
2024-07-05,8,121.42,165.07,West,Electronics,CUST_297
2024-07-05,11,104.86,121.79,South,Clothing,CUST_116
2024-07-05,5,118.53,72.53,North,Electronics,CUST_117
2024-07-05,10,209.09,26.97,East,Food,CUST_133
2024-07-05,3,258.23,82.99,West,Electronics,CUST_69
2024-07-05,12,240.47,-40.51,West,Clothing,CUST_23
2024-07-05,9,40.64,150.23,West,Electronics,CUST_240
2024-07-05,3,434.39,-1.01,North,Electronics,CUST_367
2024-07-05,3,254.58,113.59,West,Electronics,CUST_100
2024-07-06,1,346.01,-48.37,South,Food,CUST_164
2024-07-06,5,340.1,179.0,West,Clothing,CUST_258
2024-07-06,5,116.03,153.87,West,Clothing,CUST_223
2024-07-06,13,224.0,72.51,East,Furniture,CUST_368
2024-07-06,8,169.46,63.45,North,Electronics,CUST_263
2024-07-06,7,336.86,195.92,South,Clothing,CUST_267
2024-07-07,5,129.3,-27.8,South,Food,CUST_7
2024-07-07,9,45.08,184.12,East,Electronics,CUST_477
2024-07-07,6,145.96,199.97,West,Clothing,CUST_173
2024-07-07,1,194.91,33.8,South,Clothing,CUST_22
2024-07-07,10,108.66,187.74,East,Furniture,CUST_83
2024-07-07,9,248.28,150.13,South,Electronics,CUST_225
2024-07-07,2,381.34,199.84,East,Electronics,CUST_229
2024-07-07,1,296.8,27.57,South,Clothing,CUST_139
2024-07-08,11,343.55,182.45,North,Clothing,CUST_401
2024-07-08,2,54.69,87.34,South,Food,CUST_361
2024-07-08,11,438.84,122.39,East,Food,CUST_218
2024-07-08,9,411.48,44.72,North,Clothing,CUST_125
2024-07-08,9,405.16,42.13,East,Clothing,CUST_44
2024-07-08,7,323.71,146.99,East,Food,CUST_454
2024-07-09,12,368.57,84.43,South,Food,CUST_437
2024-07-09,12,477.52,147.35,South,Clothing,CUST_177
2024-07-09,14,101.28,132.23,South,Food,CUST_186
2024-07-09,10,327.87,32.8,East,Furniture,CUST_109
2024-07-09,12,239.03,118.45,West,Clothing,CUST_133
2024-07-09,6,96.15,-13.44,North,Clothing,CUST_274
2024-07-09,12,283.5,76.39,North,Food,CUST_27
2024-07-09,7,323.68,-9.55,East,Electronics,CUST_440
2024-07-09,8,450.17,155.21,West,Electronics,CUST_0
2024-07-10,14,323.81,137.89,South,Furniture,CUST_167
2024-07-10,9,151.87,195.45,West,Electronics,CUST_114
2024-07-10,2,259.46,104.23,West,Food,CUST_15
2024-07-11,4,332.28,53.08,West,Furniture,CUST_444
2024-07-11,14,256.68,-16.33,South,Food,CUST_302
2024-07-11,9,159.24,95.72,West,Food,CUST_23
2024-07-11,4,445.49,154.66,South,Clothing,CUST_70
2024-07-11,8,71.6,84.98,South,Electronics,CUST_359
2024-07-12,13,228.01,181.62,West,Electronics,CUST_457
2024-07-12,7,127.98,14.19,West,Clothing,CUST_281
2024-07-12,2,98.2,-10.67,West,Electronics,CUST_418
2024-07-12,6,210.53,187.07,North,Clothing,CUST_253
2024-07-12,13,27.54,-37.59,East,Clothing,CUST_176
2024-07-12,10,256.87,57.18,North,Furniture,CUST_38
2024-07-12,5,470.1,112.14,East,Electronics,CUST_455
2024-07-13,10,203.78,126.26,East,Electronics,CUST_339
2024-07-13,11,383.58,145.53,West,Clothing,CUST_425
2024-07-13,9,437.95,85.86,South,Furniture,CUST_29
2024-07-13,14,123.33,51.69,East,Clothing,CUST_179
2024-07-13,2,479.88,15.58,East,Furniture,CUST_226
2024-07-13,1,286.01,76.96,South,Furniture,CUST_138
2024-07-13,7,448.42,187.38,West,Food,CUST_440
2024-07-13,9,205.0,151.27,North,Food,CUST_20
2024-07-13,12,329.89,113.53,North,Food,CUST_114
2024-07-14,11,60.79,32.79,North,Clothing,CUST_197
2024-07-14,14,329.96,-5.65,East,Furniture,CUST_61
2024-07-14,2,167.06,158.75,North,Furniture,CUST_240
2024-07-14,14,413.98,-12.07,East,Clothing,CUST_381
2024-07-14,9,91.36,77.29,East,Clothing,CUST_132
2024-07-14,14,466.91,-40.56,West,Clothing,CUST_134
2024-07-15,2,374.33,161.27,North,Clothing,CUST_306
2024-07-15,7,416.1,193.46,West,Electronics,CUST_79
2024-07-16,12,400.3,33.64,East,Food,CUST_236
2024-07-16,6,160.52,-24.99,South,Clothing,CUST_258
2024-07-16,14,112.16,175.15,West,Furniture,CUST_266
2024-07-16,7,78.96,-3.84,North,Food,CUST_255
2024-07-17,6,121.47,5.34,North,Furniture,CUST_287
2024-07-17,4,208.08,13.88,West,Electronics,CUST_261
2024-07-17,12,73.0,145.87,North,Clothing,CUST_175
2024-07-17,3,108.76,39.66,West,Clothing,CUST_481
2024-07-17,1,206.8,33.89,South,Furniture,CUST_392
2024-07-17,6,484.65,57.8,West,Electronics,CUST_16
2024-07-17,5,245.71,134.5,South,Electronics,CUST_279
2024-07-18,7,271.02,149.38,East,Furniture,CUST_33
2024-07-18,7,162.52,76.64,East,Electronics,CUST_277
2024-07-18,6,182.31,-26.76,South,Clothing,CUST_456
2024-07-18,11,327.02,105.18,East,Furniture,CUST_286
2024-07-18,11,152.22,15.99,East,Furniture,CUST_91
2024-07-18,7,240.16,15.7,East,Clothing,CUST_433
2024-07-18,3,227.57,28.69,South,Food,CUST_57
2024-07-19,13,446.93,65.44,North,Clothing,CUST_124
2024-07-19,14,316.66,-3.99,South,Clothing,CUST_280
2024-07-19,6,459.48,79.81,South,Electronics,CUST_212
2024-07-19,7,295.05,92.5,East,Furniture,CUST_316
2024-07-20,4,466.89,86.33,South,Electronics,CUST_442
2024-07-20,9,460.2,127.76,North,Furniture,CUST_29
2024-07-20,13,388.68,171.43,North,Furniture,CUST_412
2024-07-20,6,65.97,121.1,East,Furniture,CUST_272
2024-07-20,2,175.53,63.05,West,Clothing,CUST_349
2024-07-21,6,256.76,23.6,South,Furniture,CUST_44
2024-07-22,4,498.4,74.41,South,Food,CUST_472
2024-07-22,7,262.23,5.7,South,Electronics,CUST_335
2024-07-22,14,256.89,172.45,East,Clothing,CUST_0
2024-07-22,13,74.52,63.76,East,Furniture,CUST_482
2024-07-22,10,235.75,113.83,West,Food,CUST_306
2024-07-22,12,69.93,155.33,North,Furniture,CUST_378
2024-07-23,6,316.38,99.68,West,Furniture,CUST_439
2024-07-23,12,272.73,133.13,North,Electronics,CUST_92
2024-07-24,5,270.48,112.62,East,Clothing,CUST_209
2024-07-24,9,410.31,-28.43,South,Electronics,CUST_463
2024-07-24,8,297.88,-35.09,West,Clothing,CUST_361
2024-07-24,13,230.45,187.67,East,Electronics,CUST_364
2024-07-24,2,285.75,-0.19,South,Food,CUST_373
2024-07-24,13,176.35,138.59,West,Food,CUST_443
2024-07-24,5,297.97,125.18,West,Furniture,CUST_323
2024-07-24,14,53.44,-39.83,South,Food,CUST_280
2024-07-24,1,46.05,19.71,South,Electronics,CUST_101
2024-07-24,8,164.46,148.83,West,Furniture,CUST_1
2024-07-24,7,128.53,7.33,East,Furniture,CUST_380
2024-07-24,2,299.53,156.73,South,Electronics,CUST_315
2024-07-24,4,314.25,-22.09,North,Furniture,CUST_414
2024-07-25,3,358.41,160.95,South,Electronics,CUST_249
2024-07-25,11,172.09,54.62,East,Furniture,CUST_163
2024-07-25,5,169.71,84.88,East,Furniture,CUST_146
2024-07-25,8,189.83,36.09,East,Clothing,CUST_25
2024-07-25,10,303.35,-44.23,South,Electronics,CUST_370
2024-07-26,7,87.63,142.79,West,Furniture,CUST_314
2024-07-26,4,114.29,3.96,East,Clothing,CUST_310
2024-07-26,9,223.2,65.25,North,Electronics,CUST_344
2024-07-26,9,495.49,151.79,East,Furniture,CUST_86
2024-07-26,8,272.84,142.6,West,Food,CUST_37
2024-07-26,8,289.31,23.23,East,Electronics,CUST_406
2024-07-27,1,67.23,-16.06,North,Clothing,CUST_140
2024-07-27,7,495.12,107.06,South,Clothing,CUST_191
2024-07-27,7,144.94,75.04,South,Clothing,CUST_224
2024-07-27,13,266.34,78.19,South,Furniture,CUST_49
2024-07-27,4,128.91,0.65,West,Electronics,CUST_380
2024-07-27,6,166.34,121.9,North,Food,CUST_151
2024-07-27,8,113.42,181.73,South,Furniture,CUST_455
2024-07-28,13,368.65,-12.66,South,Furniture,CUST_231
2024-07-28,1,356.1,101.26,North,Furniture,CUST_409
2024-07-28,1,124.68,3.64,South,Furniture,CUST_423
2024-07-28,13,282.33,145.21,East,Food,CUST_159
2024-07-28,6,368.37,146.19,North,Electronics,CUST_455
2024-07-28,5,36.68,53.76,West,Clothing,CUST_317
2024-07-28,13,164.39,81.86,East,Furniture,CUST_261
2024-07-28,4,416.15,-40.39,West,Clothing,CUST_475
2024-07-29,8,393.17,101.06,North,Food,CUST_56
2024-07-29,14,103.31,-32.89,East,Clothing,CUST_159
2024-07-29,4,316.55,191.66,East,Furniture,CUST_380
2024-07-30,8,106.59,3.58,North,Food,CUST_81
2024-07-30,9,344.43,76.2,North,Food,CUST_201
2024-07-30,3,125.25,70.52,South,Clothing,CUST_473
2024-07-30,14,399.96,-27.84,North,Clothing,CUST_202
2024-07-30,3,486.84,152.79,West,Food,CUST_55
2024-07-30,13,375.93,-33.12,West,Furniture,CUST_53
2024-07-30,6,330.84,11.3,West,Food,CUST_100
2024-07-30,1,89.63,89.98,North,Food,CUST_473
2024-07-31,2,305.18,31.82,West,Furniture,CUST_307
2024-07-31,5,172.17,43.44,East,Clothing,CUST_409
2024-07-31,8,121.1,-18.75,South,Electronics,CUST_294
2024-07-31,1,21.28,-10.96,North,Electronics,CUST_168
2024-07-31,14,495.89,174.1,North,Electronics,CUST_478
2024-07-31,5,353.73,197.54,West,Clothing,CUST_171
2024-07-31,1,189.38,31.71,East,Electronics,CUST_375
2024-08-01,12,118.56,152.29,East,Clothing,CUST_209
2024-08-01,1,142.31,57.69,North,Clothing,CUST_453
2024-08-01,3,126.7,138.59,East,Clothing,CUST_478
2024-08-01,5,273.61,-49.89,East,Furniture,CUST_283
2024-08-01,8,241.27,122.01,East,Clothing,CUST_154
2024-08-01,14,218.87,126.82,West,Electronics,CUST_94
2024-08-02,13,484.35,0.62,North,Electronics,CUST_189
2024-08-02,11,141.25,-24.46,West,Food,CUST_223
2024-08-02,3,262.51,87.39,South,Furniture,CUST_403
2024-08-02,4,406.05,178.31,North,Furniture,CUST_358
2024-08-03,2,441.89,168.11,East,Clothing,CUST_430
2024-08-03,14,220.47,170.78,North,Clothing,CUST_452
2024-08-03,6,67.63,93.64,South,Electronics,CUST_441
2024-08-03,2,384.28,131.68,East,Food,CUST_288
2024-08-03,14,433.73,152.27,South,Furniture,CUST_407
2024-08-03,2,68.93,68.85,East,Food,CUST_415
2024-08-04,2,268.49,192.88,North,Food,CUST_436
2024-08-04,13,400.24,-16.66,West,Electronics,CUST_96
2024-08-04,13,77.76,191.62,South,Furniture,CUST_423
2024-08-04,4,386.16,-26.6,South,Food,CUST_436
2024-08-04,10,26.35,-33.33,West,Food,CUST_15
2024-08-04,7,55.3,181.7,North,Furniture,CUST_366
2024-08-04,1,403.28,62.71,East,Electronics,CUST_464
2024-08-04,13,30.43,44.59,East,Electronics,CUST_227
2024-08-04,12,314.72,152.97,South,Clothing,CUST_14
2024-08-04,11,164.77,-22.8,West,Clothing,CUST_238
2024-08-04,6,127.84,-30.67,West,Electronics,CUST_285
2024-08-04,12,209.29,-9.09,West,Electronics,CUST_381
2024-08-05,9,319.87,59.78,West,Furniture,CUST_485
2024-08-05,14,30.16,26.29,East,Electronics,CUST_274
2024-08-05,6,448.64,56.01,North,Clothing,CUST_318
2024-08-05,12,158.03,87.72,West,Electronics,CUST_433
2024-08-05,14,26.82,95.04,West,Clothing,CUST_276
2024-08-06,8,446.03,95.49,East,Clothing,CUST_144
2024-08-06,12,245.74,84.2,West,Furniture,CUST_340
2024-08-06,13,240.04,30.68,North,Electronics,CUST_32
2024-08-07,9,82.81,151.13,North,Furniture,CUST_262
2024-08-07,7,362.02,-48.53,East,Furniture,CUST_217
2024-08-07,12,373.91,74.59,North,Food,CUST_118
2024-08-08,3,384.04,-33.5,East,Electronics,CUST_355
2024-08-08,12,70.52,-39.52,East,Clothing,CUST_281
2024-08-08,4,319.47,114.46,South,Electronics,CUST_308
2024-08-08,3,204.46,192.17,North,Electronics,CUST_34
2024-08-08,5,383.09,9.88,North,Furniture,CUST_5
2024-08-08,13,28.86,188.27,West,Food,CUST_439
2024-08-09,4,323.06,151.72,South,Food,CUST_407
2024-08-09,7,309.61,34.23,West,Furniture,CUST_143
2024-08-09,2,411.54,45.61,East,Electronics,CUST_309
2024-08-09,8,58.27,106.59,East,Electronics,CUST_135
2024-08-09,12,136.14,136.16,South,Clothing,CUST_142
2024-08-09,1,146.45,45.07,South,Clothing,CUST_208
2024-08-09,6,326.08,12.6,West,Furniture,CUST_183
2024-08-10,11,210.66,59.76,East,Food,CUST_309
2024-08-10,5,250.17,3.7,West,Clothing,CUST_391
2024-08-10,14,494.64,124.15,North,Furniture,CUST_208
2024-08-11,11,211.49,163.75,South,Food,CUST_416
2024-08-11,10,193.41,140.56,South,Food,CUST_448
2024-08-11,2,435.27,141.54,West,Food,CUST_176
2024-08-11,5,213.09,124.04,South,Food,CUST_106
2024-08-11,1,410.99,27.7,East,Furniture,CUST_181
2024-08-12,1,169.2,179.58,East,Electronics,CUST_381
2024-08-12,8,439.61,-47.61,East,Clothing,CUST_207
2024-08-12,7,275.31,37.11,East,Clothing,CUST_45
2024-08-12,4,270.83,135.39,East,Food,CUST_170
2024-08-12,14,55.57,40.24,East,Food,CUST_191
2024-08-12,3,208.0,131.15,North,Furniture,CUST_221
2024-08-13,11,224.09,109.76,South,Clothing,CUST_434
2024-08-13,3,45.0,129.06,North,Food,CUST_292
2024-08-13,2,119.39,93.63,East,Furniture,CUST_135
2024-08-13,12,346.85,17.31,East,Clothing,CUST_405
2024-08-13,8,59.8,30.97,North,Clothing,CUST_347
2024-08-13,13,481.91,154.21,South,Electronics,CUST_44
2024-08-13,11,405.47,29.72,East,Clothing,CUST_332
2024-08-13,6,70.59,98.71,North,Food,CUST_13
2024-08-13,2,470.88,32.61,West,Electronics,CUST_200
2024-08-14,8,206.58,106.6,West,Electronics,CUST_463
2024-08-14,1,146.48,2.88,West,Food,CUST_211
2024-08-14,10,219.09,33.27,West,Clothing,CUST_103
2024-08-14,13,243.87,48.51,East,Clothing,CUST_496
2024-08-14,1,264.36,156.33,South,Furniture,CUST_483
2024-08-14,9,315.31,98.42,East,Clothing,CUST_62
2024-08-14,14,493.86,46.73,North,Furniture,CUST_375
2024-08-14,12,422.58,20.77,South,Clothing,CUST_427
2024-08-15,10,50.23,-38.71,East,Furniture,CUST_341
2024-08-15,10,211.23,27.99,West,Electronics,CUST_28
2024-08-15,9,416.75,26.15,North,Food,CUST_309
2024-08-15,10,82.39,-19.41,South,Furniture,CUST_423
2024-08-15,14,80.82,56.04,West,Food,CUST_26
2024-08-15,7,151.2,-21.32,South,Food,CUST_123
2024-08-15,14,73.81,139.73,West,Electronics,CUST_347
2024-08-15,10,310.02,70.55,North,Electronics,CUST_39
2024-08-16,6,59.71,50.11,North,Food,CUST_131
2024-08-16,2,61.2,141.69,South,Clothing,CUST_150
2024-08-16,14,191.06,134.0,East,Food,CUST_5
2024-08-16,8,164.71,-19.45,North,Furniture,CUST_15
2024-08-17,10,412.14,93.74,South,Clothing,CUST_234
2024-08-17,6,81.72,153.4,East,Food,CUST_25
2024-08-17,9,407.81,-31.57,South,Clothing,CUST_204
2024-08-17,9,132.1,68.66,North,Food,CUST_321
2024-08-18,12,405.03,187.4,North,Furniture,CUST_478
2024-08-18,14,223.49,64.02,South,Furniture,CUST_100
2024-08-18,6,247.25,164.39,West,Furniture,CUST_2
2024-08-19,10,115.35,87.17,South,Clothing,CUST_266
2024-08-19,9,293.87,34.21,West,Food,CUST_118
2024-08-19,5,113.73,-0.48,East,Furniture,CUST_469
2024-08-19,1,424.49,40.8,East,Electronics,CUST_330
2024-08-19,8,82.29,17.74,East,Electronics,CUST_439
2024-08-19,10,153.9,131.44,East,Electronics,CUST_80
2024-08-20,14,147.58,38.19,East,Furniture,CUST_289
2024-08-20,12,422.74,-37.9,West,Furniture,CUST_442
2024-08-20,13,83.02,77.06,North,Food,CUST_240
2024-08-20,2,82.69,-40.2,West,Electronics,CUST_126
2024-08-20,1,276.07,21.45,East,Furniture,CUST_308
2024-08-20,1,476.55,43.6,West,Furniture,CUST_346
2024-08-20,13,498.01,175.93,West,Clothing,CUST_8
2024-08-21,3,29.83,74.75,North,Electronics,CUST_115
2024-08-21,13,100.89,-37.29,East,Electronics,CUST_350
2024-08-21,5,54.82,112.99,East,Food,CUST_148
2024-08-21,2,183.73,75.95,South,Food,CUST_299
2024-08-22,8,140.31,154.53,East,Clothing,CUST_389
2024-08-22,13,452.3,186.28,North,Clothing,CUST_261
2024-08-22,11,293.47,66.19,South,Furniture,CUST_151
2024-08-23,9,308.07,-41.41,West,Clothing,CUST_186
2024-08-23,4,430.95,196.9,North,Food,CUST_271
2024-08-24,11,125.48,-36.52,East,Clothing,CUST_400
2024-08-24,8,80.51,120.69,West,Furniture,CUST_395
2024-08-25,9,124.27,196.75,North,Food,CUST_77
2024-08-25,9,125.02,38.77,North,Furniture,CUST_0
2024-08-25,13,364.29,12.36,South,Clothing,CUST_331
2024-08-25,4,59.5,163.01,North,Food,CUST_440
2024-08-26,10,226.01,-28.19,East,Furniture,CUST_498
2024-08-26,4,79.63,125.71,South,Electronics,CUST_173
2024-08-26,6,389.91,36.6,South,Furniture,CUST_366
2024-08-26,1,312.1,72.23,South,Furniture,CUST_256
2024-08-27,12,200.58,-14.8,South,Electronics,CUST_389
2024-08-27,2,29.42,118.85,East,Furniture,CUST_242
2024-08-28,6,90.52,-15.13,North,Electronics,CUST_496
2024-08-28,4,223.2,38.35,East,Food,CUST_91
2024-08-28,13,219.59,174.37,East,Furniture,CUST_431
2024-08-28,4,483.6,-28.06,South,Furniture,CUST_399
2024-08-28,7,489.6,-14.53,South,Food,CUST_57
2024-08-29,6,308.67,101.83,West,Food,CUST_286
2024-08-29,13,94.56,125.96,North,Clothing,CUST_2
2024-08-29,12,45.85,169.66,South,Food,CUST_279
2024-08-29,6,470.42,140.25,West,Furniture,CUST_437
2024-08-29,6,38.3,179.17,North,Clothing,CUST_486
2024-08-30,5,38.92,172.15,North,Electronics,CUST_201
2024-08-30,9,106.13,-7.47,South,Electronics,CUST_199
2024-08-30,1,220.09,172.89,North,Furniture,CUST_363
2024-08-30,5,214.83,80.46,East,Furniture,CUST_187
2024-08-30,13,451.89,192.41,South,Clothing,CUST_180
2024-08-30,12,187.38,151.39,South,Furniture,CUST_160
2024-08-30,3,378.71,-24.06,South,Clothing,CUST_134
2024-08-30,12,399.34,-5.74,South,Furniture,CUST_367
2024-08-30,5,112.9,134.31,North,Clothing,CUST_108
2024-08-30,6,145.94,61.43,South,Food,CUST_498
2024-08-30,6,227.84,195.87,East,Electronics,CUST_428
2024-08-31,14,458.33,97.48,South,Furniture,CUST_389
2024-08-31,4,362.78,156.47,South,Clothing,CUST_78
2024-08-31,4,148.99,-20.59,East,Electronics,CUST_408
2024-08-31,12,243.65,181.12,West,Electronics,CUST_220
2024-08-31,2,227.09,61.23,South,Clothing,CUST_446
2024-08-31,12,464.36,184.8,South,Furniture,CUST_149
2024-08-31,12,414.78,137.71,North,Food,CUST_334
2024-08-31,5,129.36,68.52,West,Clothing,CUST_296
2024-09-01,3,212.19,112.27,West,Electronics,CUST_119
2024-09-01,2,315.49,33.08,North,Electronics,CUST_193
2024-09-01,3,125.72,181.5,South,Electronics,CUST_91
2024-09-01,7,446.83,103.73,West,Food,CUST_486
2024-09-01,2,356.0,136.0,East,Electronics,CUST_74
2024-09-01,4,476.71,52.58,West,Clothing,CUST_103
2024-09-02,8,414.15,-15.17,West,Clothing,CUST_205
2024-09-02,13,105.02,177.12,South,Clothing,CUST_24
2024-09-02,13,110.6,183.72,East,Clothing,CUST_124
2024-09-02,2,333.89,2.39,North,Clothing,CUST_70
2024-09-03,4,310.47,23.74,East,Food,CUST_429
2024-09-03,13,303.89,189.07,East,Furniture,CUST_130
2024-09-03,13,378.78,-27.14,South,Food,CUST_5
2024-09-03,10,443.9,184.6,West,Food,CUST_93
2024-09-03,5,189.51,143.72,South,Clothing,CUST_409
2024-09-04,8,262.92,-17.86,North,Food,CUST_404
2024-09-04,3,471.98,-11.07,East,Furniture,CUST_400
2024-09-04,12,469.76,-11.84,South,Furniture,CUST_198
2024-09-04,4,32.21,17.16,North,Electronics,CUST_241
2024-09-05,4,485.63,-23.85,South,Electronics,CUST_153
2024-09-05,1,228.3,59.83,West,Electronics,CUST_346
2024-09-05,7,48.66,81.06,South,Electronics,CUST_292
2024-09-05,9,449.88,98.73,North,Electronics,CUST_307
2024-09-06,5,318.83,78.18,South,Furniture,CUST_387
2024-09-06,11,169.37,22.14,North,Food,CUST_230
2024-09-06,13,229.82,48.37,West,Clothing,CUST_369
2024-09-06,3,168.22,53.18,West,Food,CUST_491
2024-09-07,3,339.77,187.78,East,Electronics,CUST_303
2024-09-07,10,441.97,180.9,West,Electronics,CUST_79
2024-09-07,3,494.81,144.84,East,Clothing,CUST_16
2024-09-07,10,185.73,62.07,East,Clothing,CUST_289
2024-09-07,6,439.05,178.11,West,Furniture,CUST_345
2024-09-07,1,43.75,174.14,West,Clothing,CUST_232
2024-09-07,2,400.18,150.59,West,Food,CUST_257
2024-09-08,3,450.35,-2.96,North,Food,CUST_108
2024-09-08,5,176.11,197.0,East,Electronics,CUST_297
2024-09-08,8,257.41,71.73,North,Furniture,CUST_346
2024-09-08,7,346.43,162.41,North,Clothing,CUST_436
2024-09-08,13,482.75,-2.56,East,Clothing,CUST_162
2024-09-08,7,99.36,180.71,South,Furniture,CUST_67
2024-09-08,9,138.9,-14.74,East,Furniture,CUST_33
2024-09-09,14,356.82,91.14,South,Food,CUST_104
2024-09-09,8,116.37,129.37,West,Food,CUST_324
2024-09-09,13,151.38,63.09,South,Electronics,CUST_371
2024-09-09,9,152.96,129.12,West,Electronics,CUST_359
2024-09-10,5,330.37,0.52,North,Food,CUST_429
2024-09-10,2,438.5,181.22,West,Clothing,CUST_99
2024-09-10,13,440.63,79.31,East,Clothing,CUST_170
2024-09-10,13,45.0,180.26,South,Furniture,CUST_162
2024-09-10,8,243.07,-13.59,South,Food,CUST_192
2024-09-10,5,356.94,151.97,North,Furniture,CUST_489
2024-09-10,11,487.85,101.41,West,Food,CUST_110
2024-09-10,13,274.53,170.07,East,Clothing,CUST_145
2024-09-11,7,39.78,-11.71,West,Food,CUST_468
2024-09-11,14,493.16,91.6,East,Clothing,CUST_477
2024-09-11,7,420.38,113.31,East,Clothing,CUST_342
2024-09-11,7,130.77,131.79,West,Furniture,CUST_50
2024-09-11,7,227.82,-23.52,East,Electronics,CUST_131
2024-09-11,6,153.8,198.36,South,Electronics,CUST_314
2024-09-12,3,482.17,70.55,West,Clothing,CUST_300
2024-09-12,13,433.05,188.55,North,Food,CUST_441
2024-09-12,12,160.18,177.2,South,Food,CUST_152
2024-09-12,14,306.38,0.9,South,Furniture,CUST_102
2024-09-12,2,485.24,149.15,South,Electronics,CUST_23
2024-09-12,13,365.59,75.24,West,Furniture,CUST_196
2024-09-12,5,319.96,-27.47,North,Clothing,CUST_72
2024-09-13,5,73.14,6.09,North,Furniture,CUST_443
2024-09-13,1,319.03,35.43,East,Food,CUST_41
2024-09-14,10,330.53,11.74,South,Electronics,CUST_197
2024-09-14,10,342.4,17.91,North,Furniture,CUST_487
2024-09-14,9,30.74,65.5,North,Furniture,CUST_394
2024-09-14,7,388.68,19.51,South,Electronics,CUST_331
2024-09-14,1,208.5,7.03,South,Furniture,CUST_171
2024-09-14,10,286.82,10.76,East,Clothing,CUST_66
2024-09-14,5,235.22,49.78,West,Clothing,CUST_421
2024-09-14,11,361.0,138.9,South,Electronics,CUST_185
2024-09-15,6,299.45,123.38,North,Food,CUST_255
2024-09-15,12,31.64,-49.1,South,Electronics,CUST_306
2024-09-15,12,207.62,54.19,South,Furniture,CUST_285
2024-09-15,4,30.85,-18.54,West,Electronics,CUST_300
2024-09-15,13,415.53,115.39,West,Electronics,CUST_38
2024-09-16,14,119.55,112.47,North,Clothing,CUST_472
2024-09-16,3,286.34,-10.55,South,Clothing,CUST_404
2024-09-16,7,35.96,65.26,East,Clothing,CUST_67
2024-09-16,5,279.02,53.31,North,Furniture,CUST_90
2024-09-16,11,190.98,-6.72,West,Clothing,CUST_78
2024-09-16,3,333.35,-6.36,South,Clothing,CUST_270
2024-09-16,5,272.33,128.84,West,Electronics,CUST_495
2024-09-16,2,260.75,46.84,East,Clothing,CUST_317
2024-09-16,8,288.03,30.97,North,Clothing,CUST_427
2024-09-17,9,145.34,124.63,East,Food,CUST_32
2024-09-17,12,367.51,142.63,North,Electronics,CUST_269
2024-09-17,8,140.77,56.04,West,Food,CUST_254
2024-09-18,4,302.9,175.1,West,Electronics,CUST_159
2024-09-18,4,384.33,125.49,East,Electronics,CUST_310
2024-09-18,2,291.26,127.78,South,Electronics,CUST_315
2024-09-18,8,231.2,88.87,East,Electronics,CUST_127
2024-09-18,1,151.38,126.76,South,Food,CUST_434
2024-09-19,11,197.43,-39.67,West,Clothing,CUST_303
2024-09-19,10,396.56,28.52,East,Furniture,CUST_343
2024-09-19,1,383.88,8.99,North,Furniture,CUST_141
2024-09-19,5,221.31,58.03,West,Furniture,CUST_254
2024-09-19,3,305.52,178.16,North,Furniture,CUST_153
2024-09-19,5,77.52,58.29,North,Clothing,CUST_288
2024-09-19,4,307.87,189.83,South,Electronics,CUST_160
2024-09-20,1,263.43,-36.13,West,Electronics,CUST_251
2024-09-20,1,251.6,195.92,East,Furniture,CUST_298
2024-09-20,5,436.71,99.96,West,Electronics,CUST_165
2024-09-20,8,213.96,143.38,East,Clothing,CUST_46
2024-09-20,5,366.39,28.8,South,Clothing,CUST_374
2024-09-20,1,29.47,19.71,North,Electronics,CUST_145
2024-09-21,10,223.71,-0.19,East,Food,CUST_367
2024-09-21,2,209.95,99.09,East,Furniture,CUST_93
2024-09-21,6,25.29,-31.58,West,Clothing,CUST_96
2024-09-22,1,300.4,143.38,West,Electronics,CUST_254
2024-09-22,12,320.56,-43.62,North,Furniture,CUST_57
2024-09-22,8,59.12,177.15,South,Clothing,CUST_111
2024-09-23,5,90.01,193.83,South,Clothing,CUST_448
2024-09-23,10,302.52,4.07,East,Electronics,CUST_341
2024-09-23,4,40.07,119.26,East,Clothing,CUST_307
2024-09-23,6,286.06,52.25,South,Furniture,CUST_198
2024-09-23,12,238.03,174.61,East,Furniture,CUST_53
2024-09-23,3,194.8,53.26,North,Furniture,CUST_439
2024-09-24,2,148.98,27.23,North,Food,CUST_3
2024-09-24,7,29.24,-4.42,East,Electronics,CUST_78
2024-09-24,4,488.88,-34.99,East,Clothing,CUST_455
2024-09-25,4,242.97,-48.91,South,Furniture,CUST_215
2024-09-25,2,175.34,177.48,West,Furniture,CUST_182
2024-09-25,8,77.49,-39.3,East,Food,CUST_73
2024-09-25,9,227.54,-19.66,East,Electronics,CUST_463
2024-09-25,10,71.22,82.28,West,Clothing,CUST_119
2024-09-25,3,458.93,-26.38,West,Electronics,CUST_196
2024-09-25,6,169.12,-15.9,West,Food,CUST_182
2024-09-26,11,178.82,73.65,South,Clothing,CUST_223
2024-09-26,11,270.74,135.75,South,Food,CUST_146
2024-09-27,7,36.56,193.54,East,Food,CUST_61
2024-09-27,8,54.3,127.29,South,Clothing,CUST_389
2024-09-27,7,233.82,-29.73,West,Electronics,CUST_220
2024-09-27,11,233.03,54.83,East,Clothing,CUST_162
2024-09-28,3,375.42,-36.91,East,Furniture,CUST_457
2024-09-28,12,408.7,-42.25,West,Food,CUST_287
2024-09-28,9,406.52,9.61,North,Electronics,CUST_428
2024-09-28,6,383.21,-16.31,West,Food,CUST_162
2024-09-28,14,332.86,-20.22,North,Electronics,CUST_123
2024-09-29,9,278.13,88.74,West,Food,CUST_390
2024-09-29,6,58.17,93.76,South,Electronics,CUST_300
2024-09-30,2,203.29,-36.21,South,Furniture,CUST_88
2024-09-30,11,412.79,93.63,West,Furniture,CUST_346
2024-09-30,1,294.39,29.19,North,Clothing,CUST_306
2024-09-30,2,93.74,109.64,North,Food,CUST_102
2024-10-01,13,274.35,-41.65,North,Electronics,CUST_74
2024-10-01,11,456.93,129.19,West,Food,CUST_100
2024-10-01,1,28.91,170.99,West,Clothing,CUST_491
2024-10-01,3,72.18,179.86,North,Food,CUST_394
2024-10-01,5,148.19,40.62,South,Clothing,CUST_462
2024-10-02,4,420.81,-3.95,East,Food,CUST_188
2024-10-03,10,62.18,104.77,West,Food,CUST_108
2024-10-03,6,410.86,-8.93,East,Food,CUST_291
2024-10-03,8,386.48,172.33,East,Clothing,CUST_50
2024-10-03,5,276.51,83.72,North,Clothing,CUST_442
2024-10-03,10,142.9,159.75,East,Furniture,CUST_400
2024-10-04,5,31.61,147.19,West,Food,CUST_338
2024-10-04,14,467.62,120.74,North,Clothing,CUST_247
2024-10-04,4,270.5,148.59,East,Clothing,CUST_116
2024-10-04,2,275.07,45.56,East,Food,CUST_88
2024-10-04,14,168.99,78.24,East,Furniture,CUST_348
2024-10-05,3,364.27,74.02,North,Furniture,CUST_405
2024-10-05,9,172.76,28.45,South,Electronics,CUST_351
2024-10-05,14,68.19,24.61,East,Clothing,CUST_23
2024-10-05,2,486.52,72.11,West,Electronics,CUST_307
2024-10-05,9,135.33,129.03,South,Electronics,CUST_467
2024-10-05,13,30.64,-33.71,South,Electronics,CUST_10
2024-10-05,4,442.3,-0.6,South,Electronics,CUST_5
2024-10-05,2,481.15,21.41,North,Food,CUST_345
2024-10-06,4,437.29,141.38,North,Furniture,CUST_49
2024-10-06,3,236.68,117.15,South,Furniture,CUST_418
2024-10-06,5,162.38,189.24,South,Food,CUST_123
2024-10-07,13,328.89,-28.86,East,Furniture,CUST_316
2024-10-07,4,61.02,11.21,North,Electronics,CUST_274
2024-10-07,5,194.86,-4.86,South,Food,CUST_372
2024-10-08,10,349.4,194.17,West,Food,CUST_114
2024-10-08,5,88.67,-9.65,North,Electronics,CUST_376
2024-10-08,8,401.94,53.08,West,Food,CUST_228
2024-10-08,7,382.85,0.48,East,Clothing,CUST_253
2024-10-08,8,231.57,-20.44,West,Furniture,CUST_348
2024-10-08,6,255.37,88.29,North,Furniture,CUST_240
2024-10-09,8,444.74,182.56,East,Clothing,CUST_244
2024-10-09,8,199.56,99.45,South,Clothing,CUST_204
2024-10-09,1,450.98,119.17,North,Furniture,CUST_407
2024-10-09,13,258.66,-22.87,West,Electronics,CUST_127
2024-10-09,11,249.04,89.84,West,Electronics,CUST_278
2024-10-09,9,489.65,184.56,West,Food,CUST_327
2024-10-10,11,287.32,137.96,North,Clothing,CUST_353
2024-10-10,7,387.27,11.48,West,Furniture,CUST_46
2024-10-10,7,35.44,105.12,West,Clothing,CUST_207
2024-10-10,12,435.23,142.22,North,Food,CUST_401
2024-10-10,6,289.64,161.49,North,Food,CUST_363
2024-10-10,13,112.72,52.1,East,Electronics,CUST_334
2024-10-11,6,129.03,96.73,North,Electronics,CUST_40
2024-10-11,5,470.12,-45.68,North,Electronics,CUST_300
2024-10-11,14,145.98,155.02,North,Furniture,CUST_160
2024-10-11,10,192.08,45.24,South,Electronics,CUST_31
2024-10-11,10,219.06,-2.46,South,Food,CUST_176
2024-10-11,6,28.8,80.56,West,Food,CUST_104
2024-10-11,10,437.18,-25.1,South,Clothing,CUST_193
2024-10-11,1,140.74,198.97,West,Food,CUST_263
2024-10-12,1,396.0,-40.8,South,Furniture,CUST_32
2024-10-12,10,338.88,21.82,South,Electronics,CUST_10
2024-10-12,3,50.53,181.63,East,Furniture,CUST_363
2024-10-12,8,478.14,107.26,West,Food,CUST_63
2024-10-12,2,348.35,79.34,East,Food,CUST_339
2024-10-13,3,357.12,111.93,North,Clothing,CUST_219
2024-10-13,7,402.6,104.02,West,Furniture,CUST_135
2024-10-13,12,426.66,167.65,West,Clothing,CUST_390
2024-10-13,5,45.08,98.84,South,Clothing,CUST_375
2024-10-13,5,482.12,69.15,West,Electronics,CUST_440
2024-10-13,3,434.23,-16.14,East,Clothing,CUST_61
2024-10-13,6,133.51,160.15,West,Clothing,CUST_308
2024-10-13,4,423.2,188.33,North,Furniture,CUST_181
2024-10-13,1,309.44,-22.58,North,Furniture,CUST_331
2024-10-13,10,471.75,136.04,South,Food,CUST_186
2024-10-13,9,365.96,-36.43,North,Electronics,CUST_421
2024-10-13,13,372.66,179.6,South,Clothing,CUST_173
2024-10-14,10,485.39,79.46,South,Electronics,CUST_85
2024-10-14,8,21.42,137.07,East,Clothing,CUST_133
2024-10-14,8,150.54,10.55,South,Furniture,CUST_255
2024-10-15,2,244.74,-48.91,West,Clothing,CUST_200
2024-10-15,10,465.12,117.37,North,Food,CUST_192
2024-10-15,2,318.18,11.51,South,Electronics,CUST_203
2024-10-16,10,219.07,15.59,East,Electronics,CUST_206
2024-10-16,9,349.94,180.09,South,Clothing,CUST_100
2024-10-16,5,424.92,104.57,South,Furniture,CUST_20
2024-10-16,9,320.57,107.17,West,Furniture,CUST_92
2024-10-16,7,84.64,21.01,East,Electronics,CUST_410
2024-10-16,10,432.48,98.02,West,Furniture,CUST_236
2024-10-17,5,299.02,102.1,East,Food,CUST_397
2024-10-17,14,455.78,130.1,East,Furniture,CUST_116
2024-10-17,1,99.59,175.72,West,Furniture,CUST_254
2024-10-17,6,134.67,169.01,South,Clothing,CUST_306
2024-10-17,12,331.11,64.51,North,Furniture,CUST_397
2024-10-17,3,401.91,108.14,North,Electronics,CUST_323
2024-10-18,9,257.87,170.52,South,Clothing,CUST_287
2024-10-18,2,98.73,114.23,South,Furniture,CUST_480
2024-10-18,6,448.23,-24.29,South,Food,CUST_50
2024-10-18,8,50.32,80.18,South,Food,CUST_390
2024-10-19,14,454.82,84.3,North,Food,CUST_141
2024-10-19,5,127.95,168.15,North,Food,CUST_466
2024-10-20,6,485.27,101.31,North,Clothing,CUST_297
2024-10-20,12,184.84,149.27,East,Electronics,CUST_264
2024-10-20,5,137.23,94.47,North,Food,CUST_279
2024-10-21,2,344.22,36.9,South,Furniture,CUST_107
2024-10-21,3,173.37,175.33,South,Furniture,CUST_475
2024-10-21,7,143.13,152.65,West,Food,CUST_385
2024-10-21,13,187.28,110.16,North,Food,CUST_361
2024-10-21,11,152.45,134.31,West,Food,CUST_126
2024-10-21,1,273.23,-2.32,South,Clothing,CUST_45
2024-10-21,8,144.59,36.09,South,Food,CUST_3
2024-10-21,2,470.2,139.9,South,Clothing,CUST_433
2024-10-22,12,187.05,-21.1,West,Furniture,CUST_49
2024-10-22,2,126.52,-38.71,North,Electronics,CUST_332
2024-10-22,8,20.66,169.29,North,Electronics,CUST_360
2024-10-23,11,198.81,-39.3,West,Furniture,CUST_172
2024-10-23,5,285.2,145.59,North,Food,CUST_82
2024-10-23,8,78.9,-20.0,South,Furniture,CUST_333
2024-10-23,14,479.15,-38.82,East,Food,CUST_314
2024-10-24,3,29.06,3.51,East,Furniture,CUST_48
2024-10-24,11,94.48,31.06,East,Furniture,CUST_138
2024-10-25,6,349.56,156.93,South,Food,CUST_131
2024-10-25,6,271.18,60.03,East,Electronics,CUST_103
2024-10-25,12,399.82,131.05,South,Electronics,CUST_461
2024-10-25,8,352.77,74.25,West,Furniture,CUST_71
2024-10-25,8,403.17,128.49,South,Food,CUST_31
2024-10-26,10,297.78,132.23,West,Electronics,CUST_371
2024-10-26,7,428.1,-1.55,South,Food,CUST_422
2024-10-26,10,399.71,154.93,East,Furniture,CUST_144
2024-10-27,7,158.63,58.42,West,Furniture,CUST_368
2024-10-27,7,456.24,0.71,South,Clothing,CUST_273
2024-10-27,5,349.94,108.74,North,Furniture,CUST_171
2024-10-27,7,299.89,-26.76,South,Clothing,CUST_447
2024-10-27,2,182.07,85.74,South,Food,CUST_250
2024-10-27,6,52.88,138.32,East,Food,CUST_279
2024-10-28,7,80.71,148.27,North,Furniture,CUST_432
2024-10-28,9,177.96,167.66,West,Food,CUST_414
2024-10-28,6,279.67,136.76,North,Furniture,CUST_193
2024-10-28,3,108.93,129.87,North,Furniture,CUST_338
2024-10-28,8,61.8,8.98,North,Furniture,CUST_5
2024-10-28,7,94.53,134.69,West,Food,CUST_29
2024-10-28,3,348.73,19.76,East,Electronics,CUST_312
2024-10-28,6,159.96,75.3,South,Electronics,CUST_413
2024-10-29,12,419.41,37.46,East,Clothing,CUST_447
2024-10-29,8,310.88,188.87,East,Electronics,CUST_290
2024-10-29,11,324.58,134.28,East,Electronics,CUST_279
2024-10-30,7,206.25,91.47,East,Clothing,CUST_129
2024-10-30,10,52.88,186.41,East,Food,CUST_459
2024-10-30,3,336.26,-11.12,North,Electronics,CUST_479
2024-10-30,10,334.75,-5.29,East,Clothing,CUST_82
2024-10-30,13,409.98,190.11,East,Electronics,CUST_20
2024-10-30,14,363.95,-49.16,East,Electronics,CUST_393
2024-10-30,6,144.43,30.15,East,Electronics,CUST_235
2024-10-30,11,81.45,19.47,East,Furniture,CUST_288
2024-10-31,7,381.56,2.3,West,Food,CUST_414
2024-11-01,12,344.09,-31.07,South,Food,CUST_301
2024-11-01,10,438.69,-5.57,East,Furniture,CUST_322
2024-11-01,6,94.12,169.4,North,Electronics,CUST_165
2024-11-01,2,222.7,193.43,North,Electronics,CUST_250
2024-11-01,5,480.5,122.65,East,Furniture,CUST_228
2024-11-01,1,484.89,112.54,North,Furniture,CUST_35
2024-11-01,7,259.99,129.69,West,Clothing,CUST_402
2024-11-01,11,151.85,37.25,North,Electronics,CUST_12
2024-11-01,3,285.04,92.58,West,Electronics,CUST_497
2024-11-02,8,288.07,123.72,West,Food,CUST_425
2024-11-02,10,245.88,-8.98,East,Furniture,CUST_286
2024-11-02,9,38.21,174.82,South,Furniture,CUST_27
2024-11-02,8,278.82,-9.51,North,Electronics,CUST_338
2024-11-02,13,44.25,67.74,South,Electronics,CUST_214
2024-11-02,5,462.89,129.63,West,Clothing,CUST_167
2024-11-02,12,31.57,163.13,North,Electronics,CUST_301
2024-11-02,6,121.96,100.45,North,Food,CUST_254
2024-11-02,2,36.15,85.15,South,Clothing,CUST_358
2024-11-03,5,138.49,161.56,North,Electronics,CUST_301
2024-11-03,10,358.39,136.8,North,Furniture,CUST_151
2024-11-03,13,419.52,100.18,East,Food,CUST_185
2024-11-03,1,241.35,190.5,West,Electronics,CUST_238
2024-11-03,9,418.17,-16.98,West,Food,CUST_37
2024-11-03,13,36.23,10.93,West,Electronics,CUST_188
2024-11-04,13,403.85,55.76,North,Electronics,CUST_300
2024-11-04,5,199.29,154.09,North,Food,CUST_178
2024-11-04,2,99.67,18.26,West,Clothing,CUST_111
2024-11-04,10,357.62,77.92,West,Clothing,CUST_353
2024-11-05,6,51.2,170.94,West,Clothing,CUST_397
2024-11-05,6,257.16,132.59,East,Furniture,CUST_77
2024-11-05,12,265.97,11.89,East,Furniture,CUST_365
2024-11-05,11,24.73,191.36,South,Furniture,CUST_276
2024-11-05,2,363.24,-12.22,North,Electronics,CUST_76
2024-11-05,12,274.49,2.73,South,Food,CUST_132
2024-11-06,14,161.89,52.57,West,Furniture,CUST_47
2024-11-06,5,210.68,84.25,South,Electronics,CUST_2
2024-11-06,1,232.73,-33.2,East,Electronics,CUST_63
2024-11-06,2,247.03,-23.15,West,Furniture,CUST_419
2024-11-06,6,38.67,125.9,East,Food,CUST_495
2024-11-06,6,424.77,115.65,North,Food,CUST_261
2024-11-07,5,179.73,183.44,South,Electronics,CUST_398
2024-11-07,8,443.62,-42.79,West,Furniture,CUST_496
2024-11-07,2,315.44,158.96,North,Electronics,CUST_368
2024-11-07,10,334.67,-40.16,West,Electronics,CUST_268
2024-11-07,4,349.74,103.78,South,Furniture,CUST_298
2024-11-08,2,305.93,44.33,East,Food,CUST_443
2024-11-08,13,223.18,114.19,South,Furniture,CUST_275
2024-11-08,2,275.7,93.22,South,Food,CUST_414
2024-11-08,2,419.45,38.83,North,Electronics,CUST_418
2024-11-09,2,57.36,152.89,East,Furniture,CUST_171
2024-11-09,13,487.85,136.3,East,Furniture,CUST_459
2024-11-09,11,488.03,153.45,West,Electronics,CUST_38
2024-11-09,7,431.99,141.21,South,Electronics,CUST_131
2024-11-09,9,143.11,50.43,East,Electronics,CUST_0
2024-11-09,9,367.21,100.05,South,Food,CUST_350
2024-11-09,10,116.6,165.7,West,Electronics,CUST_44
2024-11-09,3,203.88,34.79,North,Electronics,CUST_57
2024-11-10,12,400.94,139.15,East,Food,CUST_2
2024-11-10,10,324.8,70.71,South,Furniture,CUST_249
2024-11-11,1,42.51,-32.84,North,Clothing,CUST_450
2024-11-11,7,255.31,181.91,North,Food,CUST_297
2024-11-11,14,88.45,-15.21,South,Electronics,CUST_153
2024-11-11,13,379.73,-25.5,West,Clothing,CUST_244
2024-11-11,4,307.11,129.25,West,Food,CUST_80
2024-11-11,2,484.95,195.23,North,Food,CUST_223
2024-11-11,13,81.47,138.09,East,Furniture,CUST_374
2024-11-12,7,484.85,-19.32,East,Food,CUST_233
2024-11-12,10,70.29,73.06,East,Electronics,CUST_52
2024-11-12,5,69.0,170.95,West,Furniture,CUST_285
2024-11-13,8,438.0,163.08,North,Clothing,CUST_416
2024-11-14,11,293.77,-30.56,West,Electronics,CUST_179
2024-11-14,4,120.72,7.75,South,Furniture,CUST_487
2024-11-14,14,355.86,-12.78,East,Food,CUST_185
2024-11-14,6,254.61,49.62,North,Food,CUST_295
2024-11-14,9,224.54,164.44,West,Food,CUST_432
2024-11-14,10,141.66,11.08,West,Furniture,CUST_272
2024-11-14,6,156.06,-47.39,North,Furniture,CUST_98
2024-11-14,13,276.2,160.73,South,Food,CUST_152
2024-11-14,2,318.06,87.9,South,Furniture,CUST_394
2024-11-15,11,40.7,164.24,North,Electronics,CUST_223
2024-11-15,4,245.74,178.01,North,Clothing,CUST_142
2024-11-15,2,324.36,184.58,East,Furniture,CUST_232
2024-11-15,11,396.78,150.94,West,Electronics,CUST_153
2024-11-15,10,163.35,-3.1,North,Furniture,CUST_455
2024-11-16,11,359.27,-32.59,East,Clothing,CUST_222
2024-11-16,13,293.78,16.3,West,Food,CUST_420
2024-11-16,3,205.79,153.03,West,Food,CUST_317
2024-11-17,14,180.23,33.66,West,Furniture,CUST_130
2024-11-17,12,130.2,197.39,North,Food,CUST_424
2024-11-17,4,196.77,1.23,East,Furniture,CUST_315
2024-11-17,7,104.29,81.88,North,Food,CUST_87
2024-11-18,9,448.32,104.07,East,Electronics,CUST_194
2024-11-18,9,255.06,73.68,West,Clothing,CUST_190
2024-11-18,7,467.99,17.0,South,Food,CUST_355
2024-11-19,7,336.57,177.8,South,Electronics,CUST_263
2024-11-19,7,38.44,187.66,South,Furniture,CUST_33
2024-11-19,5,58.56,124.04,East,Electronics,CUST_11
2024-11-19,1,278.89,108.57,West,Clothing,CUST_245
2024-11-20,1,114.22,66.54,East,Furniture,CUST_59
2024-11-20,10,309.98,127.67,East,Electronics,CUST_229
2024-11-20,1,76.29,0.76,West,Food,CUST_51
2024-11-21,5,390.82,-36.71,South,Clothing,CUST_285
2024-11-22,8,407.46,20.24,North,Food,CUST_92
2024-11-22,8,254.04,-31.4,South,Furniture,CUST_218
2024-11-22,2,54.08,62.14,South,Food,CUST_176
2024-11-22,12,388.24,41.3,West,Electronics,CUST_282
2024-11-24,11,376.45,163.89,North,Electronics,CUST_392
2024-11-24,9,35.39,48.13,East,Food,CUST_5
2024-11-24,9,136.44,175.21,South,Clothing,CUST_408
2024-11-24,3,336.5,36.96,South,Electronics,CUST_403
2024-11-24,3,263.21,-16.07,South,Clothing,CUST_262
2024-11-24,2,121.08,137.47,East,Clothing,CUST_77
2024-11-25,8,438.32,-38.02,North,Food,CUST_122
2024-11-26,7,100.19,30.24,West,Clothing,CUST_247
2024-11-26,8,316.46,-18.32,East,Clothing,CUST_201
2024-11-26,10,30.69,140.47,North,Clothing,CUST_192
2024-11-27,14,445.56,-8.04,South,Furniture,CUST_337
2024-11-27,8,111.56,173.11,West,Food,CUST_69
2024-11-27,4,188.09,92.4,East,Electronics,CUST_293
2024-11-28,13,275.79,151.6,South,Clothing,CUST_463
2024-11-28,9,205.35,-24.14,South,Furniture,CUST_128
2024-11-28,11,440.5,-21.39,North,Clothing,CUST_355
2024-11-28,2,115.21,-40.11,West,Furniture,CUST_375
2024-11-28,7,394.94,35.9,West,Furniture,CUST_56
2024-11-28,8,95.88,-22.04,West,Electronics,CUST_295
2024-11-28,10,443.44,86.87,West,Clothing,CUST_19
2024-11-28,14,372.81,91.1,South,Clothing,CUST_52
2024-11-28,9,319.34,86.29,South,Furniture,CUST_120
2024-11-28,3,336.48,114.18,North,Furniture,CUST_271
2024-11-28,13,266.04,-41.07,West,Clothing,CUST_182
2024-11-28,12,131.96,195.24,West,Furniture,CUST_436
2024-11-29,8,49.59,95.85,West,Furniture,CUST_203
2024-11-29,13,195.2,-2.41,North,Clothing,CUST_44
2024-11-29,8,391.76,5.17,West,Furniture,CUST_454
2024-11-29,11,136.62,91.51,East,Clothing,CUST_209
2024-11-29,7,74.17,-46.26,East,Electronics,CUST_215
2024-11-30,14,183.53,153.57,East,Furniture,CUST_73
2024-11-30,10,270.89,21.89,North,Electronics,CUST_36
2024-11-30,13,294.5,197.52,North,Clothing,CUST_271
2024-11-30,9,88.43,-26.28,East,Clothing,CUST_7
2024-11-30,8,169.82,108.33,North,Food,CUST_474
2024-12-01,7,454.82,189.64,South,Clothing,CUST_411
2024-12-01,6,372.14,-3.24,East,Electronics,CUST_278
2024-12-01,11,104.3,13.21,South,Electronics,CUST_395
2024-12-01,10,34.77,168.6,North,Electronics,CUST_438
2024-12-01,13,184.6,19.32,East,Electronics,CUST_467
2024-12-01,3,431.02,135.13,South,Clothing,CUST_275
2024-12-02,4,484.54,44.41,East,Clothing,CUST_179
2024-12-02,12,209.44,174.35,West,Electronics,CUST_377
2024-12-02,9,117.86,113.74,West,Furniture,CUST_124
2024-12-02,5,340.33,170.25,East,Furniture,CUST_451
2024-12-03,13,45.6,112.07,West,Clothing,CUST_386
2024-12-03,6,165.14,64.32,South,Food,CUST_227
2024-12-03,6,234.55,3.46,South,Electronics,CUST_329
2024-12-03,2,408.34,28.89,North,Food,CUST_60
2024-12-03,12,319.8,-24.9,North,Food,CUST_71
2024-12-03,14,22.09,35.27,North,Furniture,CUST_1
2024-12-03,6,388.5,13.44,South,Furniture,CUST_100
2024-12-03,14,229.41,10.7,East,Food,CUST_469
2024-12-04,1,127.89,-48.84,East,Clothing,CUST_206
2024-12-04,11,176.19,-42.42,West,Food,CUST_373
2024-12-04,10,485.69,43.23,East,Furniture,CUST_392
2024-12-05,12,480.62,72.17,North,Clothing,CUST_244
2024-12-05,12,416.18,36.19,West,Clothing,CUST_140
2024-12-05,11,192.4,180.64,West,Clothing,CUST_356
2024-12-05,10,78.68,166.14,West,Furniture,CUST_219
2024-12-05,12,41.16,85.75,South,Food,CUST_238
2024-12-06,12,305.06,168.1,South,Food,CUST_168
2024-12-06,4,238.36,29.51,North,Clothing,CUST_172
2024-12-06,12,388.62,80.28,North,Electronics,CUST_344
2024-12-06,13,329.6,21.38,West,Furniture,CUST_97
2024-12-06,12,264.83,-47.36,South,Food,CUST_278
2024-12-06,5,187.89,171.6,North,Clothing,CUST_78
2024-12-06,7,166.1,113.87,East,Electronics,CUST_326
2024-12-07,3,196.16,53.24,East,Clothing,CUST_93
2024-12-07,13,82.7,-37.07,East,Furniture,CUST_19
2024-12-07,8,177.11,126.79,East,Food,CUST_141
2024-12-07,10,450.58,168.48,West,Electronics,CUST_156
2024-12-08,11,440.88,-39.51,North,Clothing,CUST_394
2024-12-08,8,498.76,144.08,North,Furniture,CUST_215
2024-12-08,9,499.02,113.36,East,Food,CUST_403
2024-12-08,7,405.23,-9.0,South,Electronics,CUST_240
2024-12-08,2,404.77,189.27,West,Food,CUST_151
2024-12-08,7,28.32,23.83,East,Clothing,CUST_252
2024-12-08,11,52.6,-4.48,North,Clothing,CUST_490
2024-12-09,13,276.21,39.14,West,Furniture,CUST_281
2024-12-09,10,206.29,33.99,North,Food,CUST_418
2024-12-09,1,279.45,-20.23,West,Clothing,CUST_97
2024-12-09,4,488.41,65.03,South,Food,CUST_235
2024-12-10,4,278.48,73.25,West,Clothing,CUST_359
2024-12-10,1,148.93,-22.99,West,Furniture,CUST_441
2024-12-10,2,50.19,-29.3,East,Electronics,CUST_130
2024-12-10,8,212.2,6.28,East,Food,CUST_272
2024-12-12,5,275.44,121.92,South,Clothing,CUST_111
2024-12-12,10,114.96,104.92,West,Clothing,CUST_150
2024-12-12,9,223.3,87.93,East,Clothing,CUST_305
2024-12-12,5,266.42,119.4,North,Food,CUST_474
2024-12-12,7,65.2,105.72,North,Clothing,CUST_228
2024-12-12,10,373.23,178.22,West,Electronics,CUST_46
2024-12-12,11,311.7,52.88,South,Food,CUST_66
2024-12-13,8,470.41,101.92,West,Furniture,CUST_75
2024-12-13,1,302.47,17.85,West,Clothing,CUST_63
2024-12-13,7,322.71,131.04,East,Food,CUST_299
2024-12-13,3,72.22,94.28,East,Food,CUST_1
2024-12-13,7,133.75,18.59,North,Food,CUST_438
2024-12-14,4,485.89,73.51,South,Electronics,CUST_64
2024-12-15,4,293.65,155.69,North,Furniture,CUST_493
2024-12-15,2,330.06,69.24,West,Electronics,CUST_322
2024-12-15,4,43.9,-4.14,West,Furniture,CUST_155
2024-12-15,2,391.27,107.12,West,Clothing,CUST_147
2024-12-16,11,308.66,103.76,North,Clothing,CUST_192
2024-12-16,12,47.63,65.65,East,Electronics,CUST_55
2024-12-17,5,408.81,-38.93,North,Furniture,CUST_328
2024-12-17,8,422.5,164.31,East,Food,CUST_352
2024-12-17,8,244.28,25.68,South,Food,CUST_323
2024-12-17,10,373.61,120.87,West,Electronics,CUST_4
2024-12-17,4,217.12,5.07,North,Clothing,CUST_93
2024-12-17,14,73.31,149.9,East,Furniture,CUST_470
2024-12-18,7,441.35,10.41,North,Clothing,CUST_8
2024-12-18,10,225.97,127.88,North,Food,CUST_178
2024-12-18,13,414.34,19.76,West,Furniture,CUST_387
2024-12-18,1,145.1,7.02,East,Clothing,CUST_417
2024-12-18,13,288.14,58.01,North,Furniture,CUST_21
2024-12-18,12,115.73,141.14,South,Clothing,CUST_374
2024-12-18,4,305.83,94.48,South,Food,CUST_248
2024-12-18,1,468.93,72.73,South,Electronics,CUST_43
2024-12-18,3,189.37,117.7,West,Electronics,CUST_229
2024-12-18,3,146.26,96.02,North,Furniture,CUST_175
2024-12-19,8,462.29,160.97,East,Clothing,CUST_312
2024-12-19,13,476.7,67.13,East,Electronics,CUST_65
2024-12-19,6,479.9,114.18,East,Furniture,CUST_312
2024-12-19,10,213.72,73.25,West,Clothing,CUST_249
2024-12-19,9,431.59,123.37,South,Electronics,CUST_156
2024-12-21,13,419.73,17.0,North,Furniture,CUST_399
2024-12-21,12,293.82,-17.94,North,Furniture,CUST_12
2024-12-21,13,235.15,188.04,West,Clothing,CUST_155
2024-12-22,13,292.39,58.17,East,Food,CUST_371
2024-12-22,9,284.02,195.71,South,Food,CUST_37
2024-12-22,2,289.94,32.82,East,Furniture,CUST_78
2024-12-22,8,210.19,13.41,South,Clothing,CUST_228
2024-12-22,9,181.33,185.66,West,Electronics,CUST_417
2024-12-22,7,446.33,34.22,South,Electronics,CUST_340
2024-12-22,1,464.87,118.91,East,Food,CUST_401
2024-12-23,5,419.83,187.73,South,Electronics,CUST_340
2024-12-23,13,479.7,175.57,West,Clothing,CUST_224
2024-12-23,6,198.98,54.37,South,Clothing,CUST_166
2024-12-24,1,163.49,152.4,East,Food,CUST_34
2024-12-24,14,248.82,62.67,East,Furniture,CUST_267
2024-12-24,1,421.13,-45.91,South,Furniture,CUST_188
2024-12-24,13,298.29,-15.55,East,Furniture,CUST_66
2024-12-24,8,470.67,55.89,North,Clothing,CUST_29
2024-12-24,7,182.76,46.8,South,Clothing,CUST_233
2024-12-24,8,111.1,-9.22,South,Electronics,CUST_98
2024-12-24,7,475.81,95.94,South,Electronics,CUST_413
2024-12-24,5,453.04,-3.03,North,Electronics,CUST_321
2024-12-25,4,399.07,162.31,East,Clothing,CUST_193
2024-12-25,14,314.45,133.1,East,Clothing,CUST_24
2024-12-25,13,51.33,45.12,South,Food,CUST_175
2024-12-25,3,429.49,-20.13,North,Clothing,CUST_58
2024-12-25,4,46.68,144.57,North,Furniture,CUST_321
2024-12-25,4,433.11,188.4,West,Clothing,CUST_208
2024-12-26,1,291.2,164.25,West,Furniture,CUST_123
2024-12-26,1,144.44,149.55,East,Food,CUST_272
2024-12-27,10,287.75,92.09,West,Furniture,CUST_210
2024-12-27,6,229.99,79.32,East,Furniture,CUST_399
2024-12-27,1,473.87,-41.99,North,Food,CUST_163
2024-12-27,1,177.98,168.02,North,Clothing,CUST_18
2024-12-27,1,126.92,9.86,South,Clothing,CUST_249
2024-12-28,1,235.04,91.29,North,Food,CUST_430
2024-12-28,13,35.39,66.66,South,Food,CUST_303
2024-12-28,6,296.04,-30.19,East,Clothing,CUST_172
2024-12-28,3,257.42,140.88,East,Furniture,CUST_90
2024-12-28,8,368.62,117.46,South,Food,CUST_109
2024-12-28,14,422.48,66.53,West,Electronics,CUST_47
2024-12-28,8,47.57,-21.18,North,Food,CUST_171
2024-12-28,4,485.3,188.07,West,Food,CUST_465
2024-12-28,2,456.27,41.04,East,Clothing,CUST_283
2024-12-28,3,332.56,139.0,South,Electronics,CUST_343
2024-12-29,4,23.86,140.16,North,Food,CUST_41
2024-12-29,14,299.13,91.5,South,Electronics,CUST_151
2024-12-29,5,233.15,155.68,East,Clothing,CUST_85
2024-12-29,13,306.29,172.19,East,Furniture,CUST_282
2024-12-29,11,376.48,-27.68,South,Food,CUST_194
2024-12-29,2,32.62,119.1,East,Electronics,CUST_460
2024-12-30,7,326.36,-34.91,East,Furniture,CUST_273
2024-12-30,1,372.11,106.21,North,Clothing,CUST_243
2024-12-30,8,43.43,102.55,East,Food,CUST_228
2024-12-30,1,146.09,11.37,East,Food,CUST_232
2024-12-31,10,460.07,-36.09,South,Food,CUST_67
2024-12-31,2,280.93,190.02,East,Electronics,CUST_244
2024-12-31,3,421.92,153.49,West,Food,CUST_312
2024-12-31,9,383.99,182.37,South,Food,CUST_1
